10,11320
10.02,11323
10.04,11570
10.06,11643
10.08,11437
10.1,11442
10.12,11381
10.14,11583
10.16,11655
10.18,11676
10.2,11576
10.22,11637
10.24,11729
10.26,11732
10.28,11858
10.3,11655
10.32,11797
10.34,11670
10.36,11802
10.38,11586
10.4,11721
10.42,11671
10.44,11825
10.46,11514
10.48,11694
10.5,11627
10.52,11663
10.54,11714
10.56,11740
10.58,11484
10.6,11444
10.62,11458
10.64,11328
10.66,11345
10.68,11374
10.7,11345
10.72,11308
10.74,11183
10.76,11037
10.78,11237
10.8,11157
10.82,11254
10.84,11137
10.86,11094
10.88,11282
10.9,11159
10.92,11084
10.94,11160
10.96,10897
10.98,10786
11,10983
11.02,10954
11.04,10836
11.06,10791
11.08,10972
11.1,11006
11.12,11057
11.14,11037
11.16,11035
11.18,10991
11.2,11043
11.22,11116
11.24,11070
11.26,10869
11.28,11100
11.3,11103
11.32,11093
11.34,11077
11.36,11172
11.38,11127
11.4,11072
11.42,11159
11.44,11084
11.46,11129
11.48,11134
11.5,11161
11.52,11252
11.54,11029
11.56,11180
11.58,11210
11.6,11258
11.62,11310
11.64,11322
11.66,11061
11.68,11279
11.7,11213
11.72,11351
11.74,11507
11.76,11332
11.78,11355
11.8,11453
11.82,11412
11.84,11247
11.86,11432
11.88,11393
11.9,11530
11.92,11431
11.94,11476
11.96,11461
11.98,11644
12,11356
12.02,11544
12.04,11649
12.06,11579
12.08,11575
12.1,11392
12.12,11475
12.14,11546
12.16,11652
12.18,11425
12.2,11614
12.22,11499
12.24,11434
12.26,11730
12.28,11568
12.3,11615
12.32,11693
12.34,11764
12.36,11616
12.38,11773
12.4,11806
12.42,11729
12.44,11772
12.46,11640
12.48,11741
12.5,11796
12.52,12001
12.54,11817
12.56,11662
12.58,11969
12.6,11697
12.62,11811
12.64,11931
12.66,11849
12.68,11778
12.7,11725
12.72,11936
12.74,11892
12.76,12007
12.78,11963
12.8,12028
12.82,12136
12.84,12100
12.86,12301
12.88,12245
12.9,12042
12.92,12055
12.94,12316
12.96,12050
12.98,12129
13,12133
13.02,12113
13.04,12138
13.06,12202
13.08,12173
13.1,12315
13.12,12047
13.14,12222
13.16,12295
13.18,12202
13.2,12315
13.22,12298
13.24,12238
13.26,12315
13.28,12442
13.3,12540
13.32,12407
13.34,12224
13.36,12358
13.38,12298
13.4,12365
13.42,12408
13.44,12584
13.46,12641
13.48,12650
13.5,12486
13.52,12626
13.54,12473
13.56,12567
13.58,12466
13.6,12661
13.62,12603
13.64,12661
13.66,12597
13.68,12452
13.7,12466
13.72,12747
13.74,12515
13.76,12697
13.78,12332
13.8,12424
13.82,12673
13.84,12598
13.86,12527
13.88,12643
13.9,12661
13.92,12660
13.94,12777
13.96,12685
13.98,12854
14,12622
14.02,12715
14.04,12760
14.06,12803
14.08,12468
14.1,12602
14.12,12829
14.14,13073
14.16,12662
14.18,12913
14.2,12948
14.22,12749
14.24,12763
14.26,12860
14.28,12733
14.3,12980
14.32,12843
14.34,12766
14.36,12871
14.38,12755
14.4,12856
14.42,13109
14.44,12886
14.46,12981
14.48,12850
14.5,12747
14.52,12912
14.54,12818
14.56,13220
14.58,13055
14.6,13064
14.62,12971
14.64,12865
14.66,13160
14.68,13018
14.7,13189
14.72,13168
14.74,13071
14.76,13199
14.78,12792
14.8,13071
14.82,13088
14.84,13055
14.86,13096
14.88,13196
14.9,13335
14.92,13085
14.94,13157
14.96,12989
14.98,13408
15,13315
15.02,13110
15.04,13450
15.06,13281
15.08,13326
15.1,13230
15.12,13332
15.14,13490
15.16,13338
15.18,13483
15.2,13444
15.22,13428
15.24,13631
15.26,13387
15.28,13733
15.3,13527
15.32,13637
15.34,13778
15.36,13795
15.38,13819
15.4,13887
15.42,13801
15.44,13898
15.46,13747
15.48,13763
15.5,13440
15.52,13951
15.54,13690
15.56,13443
15.58,13626
15.6,13651
15.62,13619
15.64,13499
15.66,13489
15.68,13557
15.7,13449
15.72,13574
15.74,13333
15.76,13307
15.78,13459
15.8,13679
15.82,13476
15.84,13520
15.86,13390
15.88,13568
15.9,13448
15.92,13405
15.94,13678
15.96,13611
15.98,13740
16,13361
16.02,13454
16.04,13429
16.06,13514
16.08,13573
16.1,13467
16.12,13652
16.14,13583
16.16,13717
16.18,13806
16.2,13610
16.22,13789
16.24,13680
16.26,13720
16.28,13736
16.3,13754
16.32,13437
16.34,13805
16.36,13932
16.38,13927
16.4,13762
16.42,13746
16.44,13971
16.46,14109
16.48,14108
16.5,13668
16.52,14051
16.54,14032
16.56,13870
16.58,13927
16.6,14150
16.62,14176
16.64,13905
16.66,14104
16.68,13968
16.7,14063
16.72,13851
16.74,13972
16.76,13824
16.78,13937
16.8,13934
16.82,14185
16.84,14103
16.86,13877
16.88,14109
16.9,13881
16.92,14191
16.94,14186
16.96,14150
16.98,14129
17,14105
17.02,13887
17.04,14120
17.06,14105
17.08,14294
17.1,13901
17.12,14287
17.14,14053
17.16,14011
17.18,14311
17.2,13972
17.22,14161
17.24,13954
17.26,14032
17.28,14385
17.3,14051
17.32,14145
17.34,14159
17.36,14273
17.38,14048
17.4,14388
17.42,14271
17.44,14317
17.46,14352
17.48,14172
17.5,14126
17.52,14314
17.54,14412
17.56,14422
17.58,14572
17.6,14485
17.62,14433
17.64,14446
17.66,14681
17.68,14412
17.7,14362
17.72,14465
17.74,14528
17.76,14497
17.78,14583
17.8,14648
17.82,14621
17.84,14369
17.86,14570
17.88,14466
17.9,14553
17.92,14816
17.94,14673
17.96,14609
17.98,14548
18,14511
18.02,14671
18.04,14761
18.06,14831
18.08,14528
18.1,14298
18.12,14815
18.14,14632
18.16,14813
18.18,14914
18.2,14874
18.22,15000
18.24,14750
18.26,14994
18.28,14880
18.3,15049
18.32,14860
18.34,14994
18.36,15017
18.38,14897
18.4,15223
18.42,15119
18.44,15091
18.46,15140
18.48,15059
18.5,15113
18.52,15148
18.54,15136
18.56,15084
18.58,15133
18.6,15099
18.62,15241
18.64,15087
18.66,15024
18.68,15098
18.7,14959
18.72,15061
18.74,14923
18.76,15039
18.78,14917
18.8,14956
18.82,14827
18.84,14951
18.86,14880
18.88,14851
18.9,14955
18.92,15035
18.94,14956
18.96,15055
18.98,14857
19,15094
19.02,14797
19.04,14927
19.06,15188
19.08,14909
19.1,15062
19.12,15038
19.14,15022
19.16,15062
19.18,14906
19.2,15050
19.22,14984
19.24,15214
19.26,15118
19.28,15214
19.3,15085
19.32,15110
19.34,15214
19.36,15182
19.38,15142
19.4,15122
19.42,15233
19.44,15166
19.46,15422
19.48,15360
19.5,15115
19.52,15118
19.54,15087
19.56,15444
19.58,15231
19.6,15407
19.62,15294
19.64,15265
19.66,15490
19.68,15332
19.7,15239
19.72,15362
19.74,15207
19.76,15244
19.78,15519
19.8,15392
19.82,15205
19.84,15179
19.86,15534
19.88,15294
19.9,15448
19.92,15617
19.94,15367
19.96,15598
19.98,15481
20,15140
20.02,15551
20.04,15456
20.06,15551
20.08,15261
20.1,15421
20.12,15317
20.14,15328
20.16,15377
20.18,15524
20.2,15345
20.22,15743
20.24,15514
20.26,15684
20.28,15581
20.3,15432
20.32,15578
20.34,15579
20.36,15457
20.38,15480
20.4,15476
20.42,15828
20.44,15469
20.46,15679
20.48,15561
20.5,15591
20.52,15374
20.54,15299
20.56,15679
20.58,15663
20.6,15697
20.62,15520
20.64,15508
20.66,15741
20.68,15562
20.7,15530
20.72,15685
20.74,15537
20.76,15475
20.78,15630
20.8,15340
20.82,15557
20.84,15515
20.86,15768
20.88,15615
20.9,16073
20.92,15521
20.94,15503
20.96,15754
20.98,15703
21,15367
21.02,15678
21.04,15500
21.06,15769
21.08,15659
21.1,15823
21.12,15769
21.14,15725
21.16,15604
21.18,16054
21.2,15675
21.22,15783
21.24,15818
21.26,15629
21.28,15787
21.3,15895
21.32,15927
21.34,15897
21.36,15928
21.38,15909
21.4,15956
21.42,15845
21.44,15706
21.46,15790
21.48,15780
21.5,15957
21.52,15963
21.54,15982
21.56,15692
21.58,15948
21.6,16002
21.62,15963
21.64,16238
21.66,16117
21.68,16043
21.7,15959
21.72,16084
21.74,16024
21.76,15984
21.78,16083
21.8,16193
21.82,16012
21.84,16028
21.86,16039
21.88,16219
21.9,16119
21.92,16211
21.94,15990
21.96,15995
21.98,15931
22,15822
22.02,16063
22.04,16166
22.06,16060
22.08,16185
22.1,16063
22.12,15777
22.14,16261
22.16,16072
22.18,16346
22.2,16223
22.22,16183
22.24,16113
22.26,16179
22.28,16092
22.3,16178
22.32,16067
22.34,16269
22.36,16364
22.38,16285
22.4,16329
22.42,16397
22.44,16293
22.46,16150
22.48,16108
22.5,16228
22.52,16251
22.54,16341
22.56,16345
22.58,16251
22.6,16334
22.62,16284
22.64,16138
22.66,16377
22.68,16526
22.7,16495
22.72,16417
22.74,16411
22.76,16468
22.78,16306
22.8,16247
22.82,16464
22.84,16298
22.86,16633
22.88,16481
22.9,16508
22.92,16757
22.94,16734
22.96,16615
22.98,16505
23,16639
23.02,16374
23.04,16347
23.06,16327
23.08,16674
23.1,16351
23.12,16550
23.14,16575
23.16,16712
23.18,16541
23.2,16699
23.22,16706
23.24,16793
23.26,16715
23.28,16723
23.3,16760
23.32,16483
23.34,16664
23.36,16625
23.38,16877
23.4,16640
23.42,16717
23.44,16688
23.46,16759
23.48,16428
23.5,16630
23.52,16713
23.54,16804
23.56,16838
23.58,16802
23.6,16744
23.62,16861
23.64,16869
23.66,16535
23.68,16867
23.7,16861
23.72,16761
23.74,16929
23.76,16817
23.78,16890
23.8,16886
23.82,16838
23.84,16763
23.86,17018
23.88,16941
23.9,17058
23.92,16787
23.94,16921
23.96,16525
23.98,16767
24,16937
24.02,16963
24.04,17150
24.06,16986
24.08,17190
24.1,17282
24.12,16983
24.14,17032
24.16,17387
24.18,16907
24.2,17028
24.22,16650
24.24,17142
24.26,16991
24.28,17202
24.3,16960
24.32,17092
24.34,17034
24.36,16962
24.38,17013
24.4,17092
24.42,17240
24.44,17268
24.46,17279
24.48,17072
24.5,16881
24.52,17073
24.54,17207
24.56,16945
24.58,17250
24.6,17127
24.62,17187
24.64,17193
24.66,17219
24.68,17239
24.7,17026
24.72,17242
24.74,17287
24.76,17049
24.78,17264
24.8,17373
24.82,17373
24.84,17091
24.86,17068
24.88,17525
24.9,17238
24.92,17090
24.94,17480
24.96,17270
24.98,17126
25,17447
25.02,17026
25.04,17541
25.06,17447
25.08,17328
25.1,17415
25.12,17489
25.14,17118
25.16,17305
25.18,17383
25.2,17395
25.22,17481
25.24,17407
25.26,17472
25.28,17453
25.3,17272
25.32,17548
25.34,17533
25.36,17223
25.38,17468
25.4,17640
25.42,17465
25.44,17412
25.46,17301
25.48,17399
25.5,17551
25.52,17265
25.54,17391
25.56,17480
25.58,17357
25.6,17317
25.62,17701
25.64,17403
25.66,17555
25.68,17320
25.7,17557
25.72,17296
25.74,17477
25.76,17546
25.78,17648
25.8,17474
25.82,17455
25.84,17442
25.86,17472
25.88,17315
25.9,17685
25.92,17313
25.94,17405
25.96,17554
25.98,17469
26,17678
26.02,17710
26.04,17827
26.06,17758
26.08,17686
26.1,17818
26.12,18218
26.14,18142
26.16,18679
26.18,18874
26.2,19076
26.22,19353
26.24,19409
26.26,19447
26.28,19704
26.3,19584
26.32,19125
26.34,19063
26.36,18887
26.38,18546
26.4,18105
26.42,17979
26.44,18142
26.46,18046
26.48,17969
26.5,17869
26.52,17649
26.54,17721
26.56,17817
26.58,17704
26.6,17583
26.62,17631
26.64,17990
26.66,17509
26.68,17775
26.7,17778
26.72,17747
26.74,17905
26.76,17788
26.78,17766
26.8,17946
26.82,17864
26.84,17899
26.86,17935
26.88,18144
26.9,17955
26.92,18105
26.94,17797
26.96,18035
26.98,17958
27,18173
27.02,18010
27.04,18385
27.06,18194
27.08,18251
27.1,18037
27.12,18310
27.14,18442
27.16,18349
27.18,18429
27.2,18451
27.22,18416
27.24,18204
27.26,18407
27.28,18536
27.3,18652
27.32,18532
27.34,18660
27.36,18755
27.38,18614
27.4,18394
27.42,18196
27.44,18430
27.46,18325
27.48,18472
27.5,18082
27.52,17907
27.54,17911
27.56,17960
27.58,18186
27.6,17946
27.62,18112
27.64,18345
27.66,18044
27.68,18049
27.7,18180
27.72,17933
27.74,18119
27.76,18015
27.78,17861
27.8,17892
27.82,18109
27.84,18070
27.86,17934
27.88,18128
27.9,18140
27.92,18070
27.94,18163
27.96,18240
27.98,18283
28,18003
28.02,18354
28.04,17942
28.06,18029
28.08,18284
28.1,18015
28.12,18208
28.14,18190
28.16,18358
28.18,18287
28.2,18234
28.22,18392
28.24,18260
28.26,18086
28.28,18319
28.3,18268
28.32,18464
28.34,18266
28.36,18202
28.38,18254
28.4,18529
28.42,18456
28.44,18318
28.46,18192
28.48,18182
28.5,18211
28.52,18116
28.54,18279
28.56,18347
28.58,18578
28.6,18234
28.62,18306
28.64,18529
28.66,18319
28.68,18609
28.7,18607
28.72,18305
28.74,18451
28.76,18316
28.78,18551
28.8,18339
28.82,18590
28.84,18647
28.86,18514
28.88,18838
28.9,18392
28.92,19027
28.94,18727
28.96,18525
28.98,18941
29,19203
29.02,18719
29.04,18909
29.06,18926
29.08,19185
29.1,19053
29.12,18868
29.14,19004
29.16,18833
29.18,18476
29.2,18638
29.22,18687
29.24,18536
29.26,18841
29.28,18521
29.3,18464
29.32,18555
29.34,18448
29.36,18617
29.38,18662
29.4,18455
29.42,18572
29.44,18469
29.46,18624
29.48,18423
29.5,18629
29.52,18734
29.54,18803
29.56,18795
29.58,18560
29.6,18728
29.62,18626
29.64,18589
29.66,18869
29.68,18456
29.7,18656
29.72,18761
29.74,18751
29.76,18720
29.78,18714
29.8,18648
29.82,18817
29.84,18793
29.86,18697
29.88,18851
29.9,19028
29.92,18791
29.94,18794
29.96,18945
29.98,18514
30,18585
30.02,18758
30.04,18490
30.06,18904
30.08,18694
30.1,18855
30.12,19046
30.14,18632
30.16,19073
30.18,19133
30.2,18721
30.22,18788
30.24,19015
30.26,18763
30.28,18800
30.3,18857
30.32,18991
30.34,18940
30.36,18830
30.38,18624
30.4,19065
30.42,19026
30.44,19020
30.46,19099
30.48,19126
30.5,19098
30.52,19189
30.54,19028
30.56,19159
30.58,19161
30.6,19182
30.62,19083
30.64,19363
30.66,19436
30.68,19486
30.7,19586
30.72,19179
30.74,19125
30.76,19438
30.78,19365
30.8,19369
30.82,19496
30.84,19427
30.86,19128
30.88,19413
30.9,19509
30.92,19503
30.94,19559
30.96,19614
30.98,19288
31,19662
31.02,19489
31.04,19430
31.06,19387
31.08,19469
31.1,19438
31.12,19470
31.14,19517
31.16,19615
31.18,19525
31.2,19563
31.22,19313
31.24,19630
31.26,19480
31.28,19472
31.3,19780
31.32,19865
31.34,19852
31.36,19878
31.38,19846
31.4,19847
31.42,20025
31.44,20072
31.46,20491
31.48,20401
31.5,20804
31.52,20765
31.54,21153
31.56,21257
31.58,21507
31.6,22138
31.62,22803
31.64,23710
31.66,25391
31.68,28834
31.7,32922
31.72,38616
31.74,43738
31.76,47858
31.78,52056
31.8,57109
31.82,59280
31.84,59056
31.86,56440
31.88,52443
31.9,47754
31.92,42658
31.94,38128
31.96,33422
31.98,29380
32,26978
32.02,24568
32.04,23414
32.06,22618
32.08,21953
32.1,21390
32.12,21098
32.14,20738
32.16,20867
32.18,20576
32.2,20335
32.22,20325
32.24,20411
32.26,20088
32.28,20315
32.3,20211
32.32,20029
32.34,20206
32.36,20135
32.38,19905
32.4,19844
32.42,20409
32.44,20159
32.46,19733
32.48,20120
32.5,20171
32.52,20306
32.54,20148
32.56,20013
32.58,19974
32.6,19951
32.62,19860
32.64,20044
32.66,19997
32.68,19750
32.7,20135
32.72,19805
32.74,19933
32.76,20033
32.78,19824
32.8,20247
32.82,20077
32.84,19996
32.86,20159
32.88,19935
32.9,20043
32.92,20071
32.94,20093
32.96,20324
32.98,20127
33,19990
33.02,20189
33.04,20406
33.06,20401
33.08,20270
33.1,20193
33.12,20186
33.14,19990
33.16,20228
33.18,20233
33.2,20127
33.22,20254
33.24,19924
33.26,20234
33.28,20019
33.3,20301
33.32,20214
33.34,20322
33.36,20191
33.38,19964
33.4,20028
33.42,20259
33.44,20125
33.46,20544
33.48,20288
33.5,20216
33.52,20415
33.54,20156
33.56,20309
33.58,20447
33.6,20169
33.62,20564
33.64,20300
33.66,20565
33.68,20485
33.7,20585
33.72,20408
33.74,20327
33.76,20525
33.78,20300
33.8,20524
33.82,20267
33.84,20378
33.86,20291
33.88,20200
33.9,20416
33.92,20369
33.94,20262
33.96,20287
33.98,20269
34,20454
34.02,20419
34.04,20417
34.06,20187
34.08,20626
34.1,20585
34.12,20365
34.14,20641
34.16,20677
34.18,20591
34.2,20397
34.22,20696
34.24,20494
34.26,20444
34.28,20671
34.3,20335
34.32,20555
34.34,20642
34.36,20625
34.38,20576
34.4,20615
34.42,20687
34.44,20673
34.46,20737
34.48,20610
34.5,20655
34.52,20659
34.54,20798
34.56,20783
34.58,20984
34.6,20923
34.62,20681
34.64,20751
34.66,21044
34.68,20831
34.7,20542
34.72,20528
34.74,20860
34.76,20800
34.78,20940
34.8,20880
34.82,20887
34.84,20875
34.86,21054
34.88,20945
34.9,20991
34.92,21077
34.94,20684
34.96,20853
34.98,20862
35,21210
35.02,20862
35.04,20900
35.06,21393
35.08,21266
35.1,21008
35.12,21352
35.14,21439
35.16,21511
35.18,21406
35.2,21223
35.22,21387
35.24,21568
35.26,21658
35.28,21381
35.3,21497
35.32,21720
35.34,21636
35.36,21402
35.38,21394
35.4,21496
35.42,21202
35.44,21644
35.46,21310
35.48,21690
35.5,21585
35.52,21981
35.54,21630
35.56,21846
35.58,22174
35.6,21979
35.62,22603
35.64,23600
35.66,24439
35.68,25647
35.7,27623
35.72,28089
35.74,28848
35.76,29171
35.78,29700
35.8,28938
35.82,27884
35.84,26807
35.86,25839
35.88,24945
35.9,23936
35.92,23154
35.94,22619
35.96,22022
35.98,21781
36,21355
36.02,21283
36.04,21173
36.06,21178
36.08,21071
36.1,20881
36.12,20839
36.14,21390
36.16,21128
36.18,20955
36.2,21226
36.22,20955
36.24,20674
36.26,20880
36.28,21042
36.3,21010
36.32,21079
36.34,20939
36.36,20987
36.38,21277
36.4,21164
36.42,21544
36.44,21800
36.46,21661
36.48,21915
36.5,21426
36.52,21357
36.54,21182
36.56,21570
36.58,21195
36.6,21327
36.62,21276
36.64,20884
36.66,20893
36.68,20879
36.7,20785
36.72,20913
36.74,21579
36.76,21018
36.78,21136
36.8,21107
36.82,21130
36.84,21007
36.86,20902
36.88,20823
36.9,21132
36.92,21078
36.94,21288
36.96,20892
36.98,21409
37,21150
37.02,21196
37.04,20871
37.06,20991
37.08,20717
37.1,20857
37.12,20712
37.14,20545
37.16,20497
37.18,20551
37.2,20730
37.22,20904
37.24,21289
37.26,20976
37.28,21027
37.3,21081
37.32,21253
37.34,21043
37.36,21493
37.38,21386
37.4,21210
37.42,21089
37.44,20873
37.46,20979
37.48,21033
37.5,21266
37.52,21048
37.54,21051
37.56,20995
37.58,21182
37.6,21180
37.62,21143
37.64,21262
37.66,21085
37.68,20894
37.7,21181
37.72,21193
37.74,21335
37.76,21469
37.78,21560
37.8,21273
37.82,21567
37.84,21457
37.86,21238
37.88,21238
37.9,21502
37.92,21467
37.94,21506
37.96,21771
37.98,21229
38,21340
38.02,21035
38.04,21137
38.06,21179
38.08,20995
38.1,20886
38.12,21162
38.14,21360
38.16,21214
38.18,21297
38.2,21608
38.22,21510
38.24,21495
38.26,21097
38.28,21382
38.3,20819
38.32,20608
38.34,20945
38.36,20547
38.38,20303
38.4,20214
38.42,20625
38.44,20750
38.46,20704
38.48,21585
38.5,21282
38.52,21519
38.54,21758
38.56,21521
38.58,21409
38.6,21523
38.62,21244
38.64,21166
38.66,21186
38.68,21175
38.7,21380
38.72,21333
38.74,21313
38.76,21375
38.78,21246
38.8,21255
38.82,21127
38.84,21430
38.86,21062
38.88,21015
38.9,21175
38.92,21205
38.94,21063
38.96,21503
38.98,21380
39,21278
39.02,21427
39.04,21403
39.06,21526
39.08,21444
39.1,21549
39.12,21595
39.14,21118
39.16,21642
39.18,21582
39.2,21440
39.22,21643
39.24,21069
39.26,21613
39.28,21432
39.3,21326
39.32,21629
39.34,21637
39.36,21455
39.38,21597
39.4,21760
39.42,21256
39.44,21830
39.46,21588
39.48,21738
39.5,21764
39.52,21609
39.54,21348
39.56,21674
39.58,21665
39.6,21393
39.62,21534
39.64,21492
39.66,21728
39.68,21199
39.7,21464
39.72,21734
39.74,21531
39.76,21607
39.78,21274
39.8,21603
39.82,21481
39.84,21451
39.86,21483
39.88,21501
39.9,21131
39.92,21310
39.94,21647
39.96,21284
39.98,21544
40,21531
40.02,21237
40.04,21582
40.06,21434
40.08,21409
40.1,21384
40.12,21676
40.14,21712
40.16,21577
40.18,21518
40.2,21462
40.22,21493
40.24,21674
40.26,21492
40.28,21771
40.3,21516
40.32,21635
40.34,21773
40.36,22017
40.38,21954
40.4,22146
40.42,21690
40.44,21742
40.46,21700
40.48,21669
40.5,21654
40.52,21676
40.54,21554
40.56,21534
40.58,21316
40.6,21741
40.62,21551
40.64,21643
40.66,21468
40.68,21594
40.7,21658
40.72,21354
40.74,21519
40.76,21586
40.78,21537
40.8,21580
40.82,21726
40.84,21431
40.86,21664
40.88,21386
40.9,21656
40.92,21399
40.94,21760
40.96,21642
40.98,21457
41,21816
41.02,21562
41.04,21701
41.06,21300
41.08,21531
41.1,21724
41.12,21751
41.14,21432
41.16,21415
41.18,21553
41.2,21427
41.22,21210
41.24,21819
41.26,21753
41.28,21614
41.3,21278
41.32,21836
41.34,21760
41.36,21791
41.38,21638
41.4,21967
41.42,21443
41.44,21737
41.46,22014
41.48,21678
41.5,21666
41.52,21743
41.54,21563
41.56,21926
41.58,21797
41.6,21773
41.62,22069
41.64,21738
41.66,22059
41.68,21944
41.7,21929
41.72,22040
41.74,22051
41.76,21654
41.78,21806
41.8,21812
41.82,21840
41.84,21509
41.86,21724
41.88,21797
41.9,22154
41.92,22078
41.94,22332
41.96,22265
41.98,22112
42,22124
42.02,22062
42.04,22062
42.06,22092
42.08,22246
42.1,22150
42.12,22564
42.14,22037
42.16,22310
42.18,22329
42.2,22150
42.22,22394
42.24,22173
42.26,22159
42.28,22329
42.3,22295
42.32,22004
42.34,22364
42.36,22436
42.38,22334
42.4,22548
42.42,22262
42.44,22377
42.46,22413
42.48,22386
42.5,22243
42.52,22030
42.54,22275
42.56,22337
42.58,22048
42.6,22451
42.62,21950
42.64,22220
42.66,22394
42.68,22358
42.7,22376
42.72,22138
42.74,22454
42.76,22421
42.78,22307
42.8,22221
42.82,22400
42.84,22377
42.86,22049
42.88,22165
42.9,22225
42.92,22300
42.94,22085
42.96,22076
42.98,22112
43,22325
43.02,22390
43.04,21998
43.06,22018
43.08,22049
43.1,22245
43.12,22228
43.14,22080
43.16,22070
43.18,21875
43.2,21771
43.22,22161
43.24,22226
43.26,22167
43.28,22105
43.3,22444
43.32,22220
43.34,22150
43.36,22270
43.38,22634
43.4,22435
43.42,22461
43.44,22540
43.46,22369
43.48,22140
43.5,22564
43.52,22507
43.54,22195
43.56,22576
43.58,22655
43.6,22676
43.62,22607
43.64,22893
43.66,22836
43.68,22553
43.7,22518
43.72,22987
43.74,22969
43.76,22784
43.78,23115
43.8,22745
43.82,22854
43.84,22700
43.86,22721
43.88,22670
43.9,22722
43.92,22716
43.94,22805
43.96,23130
43.98,23022
44,22872
44.02,23056
44.04,22978
44.06,23258
44.08,23000
44.1,23289
44.12,23315
44.14,23223
44.16,23086
44.18,23312
44.2,23371
44.22,23772
44.24,23675
44.26,23612
44.28,23710
44.3,24045
44.32,24384
44.34,24618
44.36,24599
44.38,24573
44.4,24908
44.42,24983
44.44,25611
44.46,25909
44.48,26415
44.5,26788
44.52,27244
44.54,27798
44.56,28331
44.58,29359
44.6,30097
44.62,31274
44.64,32081
44.66,33395
44.68,35140
44.7,36075
44.72,37680
44.74,40293
44.76,44056
44.78,49962
44.8,58314
44.82,70028
44.84,85742
44.86,101771
44.88,113131
44.9,117749
44.92,120077
44.94,120371
44.96,118931
44.98,115445
45,108052
45.02,96796
45.04,85318
45.06,75469
45.08,68183
45.1,60315
45.12,52583
45.14,45082
45.16,39496
45.18,35786
45.2,33233
45.22,31698
45.24,30362
45.26,29322
45.28,28895
45.3,27901
45.32,27294
45.34,26861
45.36,26596
45.38,26233
45.4,26041
45.42,25851
45.44,25606
45.46,25358
45.48,25321
45.5,25376
45.52,25367
45.54,24950
45.56,24929
45.58,24775
45.6,24510
45.62,24950
45.64,24918
45.66,25005
45.68,25338
45.7,25056
45.72,25040
45.74,24898
45.76,25097
45.78,25167
45.8,25068
45.82,25229
45.84,25426
45.86,25530
45.88,25723
45.9,25806
45.92,26113
45.94,26043
45.96,26828
45.98,27550
46,27812
46.02,28156
46.04,29145
46.06,30715
46.08,31683
46.1,33262
46.12,34905
46.14,36897
46.16,39630
46.18,43861
46.2,49454
46.22,57085
46.24,67425
46.26,81031
46.28,97004
46.3,112157
46.32,123509
46.34,129807
46.36,133459
46.38,134757
46.4,132029
46.42,124355
46.44,114834
46.46,105018
46.48,95358
46.5,86273
46.52,76927
46.54,66870
46.56,57221
46.58,49577
46.6,43380
46.62,38889
46.64,35805
46.66,33604
46.68,32116
46.7,31138
46.72,30161
46.74,29223
46.76,28853
46.78,28427
46.8,28109
46.82,27809
46.84,27300
46.86,26887
46.88,26685
46.9,26307
46.92,25881
46.94,25888
46.96,25282
46.98,25399
47,24916
47.02,24934
47.04,24810
47.06,24613
47.08,24420
47.1,24029
47.12,24273
47.14,24019
47.16,24085
47.18,23946
47.2,23626
47.22,23788
47.24,23703
47.26,23492
47.28,23503
47.3,23449
47.32,23349
47.34,23597
47.36,23267
47.38,23244
47.4,22990
47.42,23004
47.44,22961
47.46,23125
47.48,23118
47.5,22908
47.52,23087
47.54,23124
47.56,23088
47.58,23061
47.6,23028
47.62,22798
47.64,22759
47.66,23056
47.68,22832
47.7,22860
47.72,22837
47.74,22905
47.76,22663
47.78,22642
47.8,22905
47.82,22948
47.84,22925
47.86,22985
47.88,22859
47.9,22914
47.92,22884
47.94,22982
47.96,22722
47.98,23032
48,22713
48.02,23083
48.04,22724
48.06,22726
48.08,23102
48.1,22810
48.12,22934
48.14,22760
48.16,22973
48.18,22958
48.2,22908
48.22,22797
48.24,23016
48.26,22804
48.28,22851
48.3,22908
48.32,22671
48.34,22473
48.36,22652
48.38,22428
48.4,22700
48.42,22670
48.44,22721
48.46,22484
48.48,22762
48.5,22742
48.52,22473
48.54,22680
48.56,22278
48.58,22481
48.6,22714
48.62,22545
48.64,22502
48.66,22527
48.68,22419
48.7,22575
48.72,22652
48.74,22731
48.76,22295
48.78,22558
48.8,22275
48.82,22709
48.84,22792
48.86,22364
48.88,22630
48.9,22763
48.92,22557
48.94,22333
48.96,22726
48.98,22720
49,22603
49.02,22530
49.04,22501
49.06,22711
49.08,22692
49.1,22472
49.12,22745
49.14,22764
49.16,22739
49.18,22524
49.2,22861
49.22,22706
49.24,22337
49.26,22322
49.28,22467
49.3,22272
49.32,22410
49.34,22507
49.36,22446
49.38,22109
49.4,22410
49.42,22241
49.44,22895
49.46,22547
49.48,22799
49.5,22813
49.52,22568
49.54,22651
49.56,22456
49.58,22479
49.6,22652
49.62,22710
49.64,22486
49.66,22455
49.68,22583
49.7,22639
49.72,22226
49.74,22321
49.76,22207
49.78,22330
49.8,22646
49.82,22128
49.84,22092
49.86,22172
49.88,22302
49.9,22536
49.92,22501
49.94,22491
49.96,22438
49.98,22530
50,22665
50.02,22536
50.04,22571
50.06,22495
50.08,22239
50.1,22535
50.12,22584
50.14,22295
50.16,22424
50.18,22409
50.2,22494
50.22,22395
50.24,22179
50.26,22139
50.28,22344
50.3,22174
50.32,22095
50.34,22378
50.36,22219
50.38,22522
50.4,22303
50.42,22690
50.44,22475
50.46,22625
50.48,22300
50.5,22495
50.52,22469
50.54,22326
50.56,22590
50.58,22128
50.6,22505
50.62,22093
50.64,22198
50.66,22057
50.68,22263
50.7,22255
50.72,22525
50.74,22105
50.76,22364
50.78,22366
50.8,22469
50.82,22617
50.84,22546
50.86,22012
50.88,22667
50.9,22662
50.92,22564
50.94,22735
50.96,22610
50.98,22521
51,22405
51.02,22370
51.04,22368
51.06,22319
51.08,22163
51.1,22409
51.12,22472
51.14,22280
51.16,22079
51.18,22226
51.2,22253
51.22,22083
51.24,22094
51.26,22241
51.28,22354
51.3,22425
51.32,22139
51.34,22320
51.36,22364
51.38,22365
51.4,22155
51.42,22146
51.44,22300
51.46,22071
51.48,22223
51.5,22146
51.52,22216
51.54,22219
51.56,22132
51.58,22276
51.6,22250
51.62,22303
51.64,22420
51.66,21875
51.68,22367
51.7,22534
51.72,22345
51.74,22365
51.76,22043
51.78,22199
51.8,22198
51.82,22158
51.84,22298
51.86,22090
51.88,22216
51.9,22069
51.92,21954
51.94,21766
51.96,22319
51.98,22143
52,22120
52.02,22342
52.04,22053
52.06,22093
52.08,22170
52.1,22227
52.12,22421
52.14,22242
52.16,22171
52.18,22433
52.2,22499
52.22,22104
52.24,22287
52.26,22198
52.28,22174
52.3,22236
52.32,22173
52.34,22340
52.36,22224
52.38,22207
52.4,22496
52.42,22008
52.44,22166
52.46,22116
52.48,22286
52.5,22233
52.52,22160
52.54,22036
52.56,22133
52.58,22354
52.6,22233
52.62,22402
52.64,22093
52.66,22110
52.68,22246
52.7,22163
52.72,22029
52.74,22302
52.76,22194
52.78,22334
52.8,22066
52.82,22262
52.84,22095
52.86,22327
52.88,22237
52.9,22048
52.92,21954
52.94,22161
52.96,22415
52.98,22134
53,22428
53.02,22268
53.04,22145
53.06,22371
53.08,22363
53.1,22164
53.12,22473
53.14,22414
53.16,22216
53.18,22417
53.2,22341
53.22,22218
53.24,22169
53.26,22304
53.28,22200
53.3,22379
53.32,22556
53.34,22103
53.36,22173
53.38,22100
53.4,22267
53.42,22445
53.44,22534
53.46,22383
53.48,22119
53.5,21991
53.52,22155
53.54,22358
53.56,22283
53.58,22019
53.6,22465
53.62,22128
53.64,22186
53.66,22224
53.68,22091
53.7,22244
53.72,22321
53.74,22369
53.76,22271
53.78,22285
53.8,22316
53.82,22336
53.84,22384
53.86,22147
53.88,22331
53.9,22552
53.92,22379
53.94,22262
53.96,22305
53.98,22739
54,22542
54.02,22587
54.04,22688
54.06,22634
54.08,22712
54.1,22739
54.12,22495
54.14,22456
54.16,22548
54.18,22312
54.2,22673
54.22,22534
54.24,22679
54.26,22760
54.28,22366
54.3,22542
54.32,22763
54.34,22298
54.36,22773
54.38,22402
54.4,22428
54.42,22390
54.44,22382
54.46,22655
54.48,22470
54.5,22357
54.52,22488
54.54,22455
54.56,22471
54.58,22658
54.6,22496
54.62,22493
54.64,22539
54.66,22759
54.68,22573
54.7,22480
54.72,22679
54.74,22355
54.76,22376
54.78,22598
54.8,22325
54.82,22301
54.84,22239
54.86,22376
54.88,22473
54.9,22835
54.92,22352
54.94,22699
54.96,22482
54.98,22971
55,22838
55.02,22869
55.04,22735
55.06,22773
55.08,22548
55.1,22593
55.12,22810
55.14,22714
55.16,22722
55.18,22768
55.2,22487
55.22,22704
55.24,22551
55.26,22368
55.28,22776
55.3,22256
55.32,22557
55.34,22267
55.36,22336
55.38,22462
55.4,22516
55.42,22347
55.44,22531
55.46,22257
55.48,22678
55.5,22508
55.52,22644
55.54,22749
55.56,22650
55.58,22697
55.6,22596
55.62,22498
55.64,22695
55.66,22850
55.68,22848
55.7,22217
55.72,22698
55.74,22758
55.76,22606
55.78,22449
55.8,22521
55.82,22618
55.84,22677
55.86,22427
55.88,22339
55.9,22589
55.92,22584
55.94,22816
55.96,22685
55.98,22866
56,22522
56.02,22682
56.04,22689
56.06,22379
56.08,22623
56.1,22655
56.12,23076
56.14,22744
56.16,22720
56.18,22514
56.2,22270
56.22,22484
56.24,22403
56.26,22631
56.28,22539
56.3,22687
56.32,22696
56.34,22900
56.36,22876
56.38,22593
56.4,22526
56.42,22737
56.44,22970
56.46,22699
56.48,22826
56.5,23065
56.52,23055
56.54,22797
56.56,22909
56.58,23187
56.6,22921
56.62,22894
56.64,22984
56.66,22764
56.68,22850
56.7,22797
56.72,22419
56.74,22718
56.76,22835
56.78,22541
56.8,22737
56.82,22751
56.84,22306
56.86,22829
56.88,22486
56.9,22617
56.92,22491
56.94,22550
56.96,22252
56.98,22603
57,22363
57.02,22486
57.04,22821
57.06,22791
57.08,22794
57.1,23026
57.12,23014
57.14,23108
57.16,22719
57.18,23370
57.2,23661
57.22,23782
57.24,24254
57.26,24772
57.28,25893
57.3,26966
57.32,27048
57.34,27493
57.36,28064
57.38,28923
57.4,28729
57.42,28589
57.44,27909
57.46,27142
57.48,26911
57.5,26495
57.52,25894
57.54,25773
57.56,25550
57.58,24866
57.6,24598
57.62,24224
57.64,24053
57.66,23483
57.68,23512
57.7,22818
57.72,22766
57.74,22800
57.76,23018
57.78,22743
57.8,22580
57.82,22610
57.84,22670
57.86,22680
57.88,22807
57.9,22611
57.92,22676
57.94,22726
57.96,22759
57.98,22663
58,22432
58.02,22347
58.04,22662
58.06,22746
58.08,22659
58.1,22376
58.12,22629
58.14,22333
58.16,22765
58.18,22300
58.2,22610
58.22,22849
58.24,22340
58.26,22784
58.28,22872
58.3,22603
58.32,22555
58.34,22622
58.36,22906
58.38,22514
58.4,22436
58.42,22453
58.44,22349
58.46,22800
58.48,23161
58.5,22460
58.52,22683
58.54,22717
58.56,22647
58.58,22554
58.6,22541
58.62,22748
58.64,22535
58.66,22694
58.68,22690
58.7,22532
58.72,22596
58.74,22749
58.76,22875
58.78,22693
58.8,22345
58.82,22680
58.84,22718
58.86,22532
58.88,22323
58.9,22552
58.92,22712
58.94,22611
58.96,22563
58.98,22345
59,22763
59.02,22594
59.04,22630
59.06,22564
59.08,22588
59.1,22796
59.12,22795
59.14,22688
59.16,22592
59.18,22734
59.2,22703
59.22,22604
59.24,22537
59.26,22778
59.28,22555
59.3,22793
59.32,22422
59.34,22369
59.36,22622
59.38,22739
59.4,22842
59.42,22832
59.44,22798
59.46,23005
59.48,22807
59.5,22665
59.52,22967
59.54,22567
59.56,22820
59.58,23114
59.6,22943
59.62,23116
59.64,23175
59.66,23377
59.68,23346
59.7,23195
59.72,23252
59.74,23525
59.76,23833
59.78,24268
59.8,24749
59.82,25557
59.84,26654
59.86,27985
59.88,29308
59.9,29791
59.92,30141
59.94,29854
59.96,29275
59.98,28492
60,27686
60.02,27622
60.04,26996
60.06,27259
60.08,26996
60.1,26566
60.12,25755
60.14,25158
60.16,25092
60.18,24159
60.2,23758
60.22,23619
60.24,23449
60.26,22997
60.28,23151
60.3,23006
60.32,22732
60.34,23092
60.36,23162
60.38,22782
60.4,22835
60.42,22823
60.44,22878
60.46,22955
60.48,22962
60.5,22896
60.52,22659
60.54,23063
60.56,22904
60.58,23039
60.6,23056
60.62,23462
60.64,23124
60.66,22832
60.68,23185
60.7,23153
60.72,23417
60.74,23626
60.76,23113
60.78,23519
60.8,23268
60.82,23025
60.84,23227
60.86,23215
60.88,23120
60.9,23054
60.92,23076
60.94,23239
60.96,22804
60.98,23204
61,23127
61.02,22900
61.04,22895
61.06,22817
61.08,22774
61.1,23077
61.12,23125
61.14,22833
61.16,22796
61.18,22986
61.2,23085
61.22,23100
61.24,22849
61.26,22638
61.28,22985
61.3,22763
61.32,22981
61.34,22735
61.36,22818
61.38,22753
61.4,22818
61.42,22590
61.44,22814
61.46,23055
61.48,22967
61.5,23057
61.52,23040
61.54,23230
61.56,23377
61.58,23108
61.6,23400
61.62,23625
61.64,23689
61.66,23666
61.68,24159
61.7,24948
61.72,25296
61.74,25940
61.76,26955
61.78,27996
61.8,28783
61.82,29051
61.84,29356
61.86,29890
61.88,29535
61.9,29001
61.92,28240
61.94,27185
61.96,27096
61.98,27259
62,27515
62.02,27024
62.04,26597
62.06,26286
62.08,25390
62.1,24900
62.12,24304
62.14,24155
62.16,24113
62.18,23962
62.2,23729
62.22,23766
62.24,23712
62.26,23600
62.28,23285
62.3,23304
62.32,23615
62.34,23146
62.36,23533
62.38,22869
62.4,23429
62.42,23199
62.44,22931
62.46,23052
62.48,22790
62.5,22963
62.52,22756
62.54,22941
62.56,23274
62.58,22995
62.6,22836
62.62,22932
62.64,22821
62.66,22768
62.68,22955
62.7,23110
62.72,23221
62.74,22977
62.76,22936
62.78,22886
62.8,22769
62.82,22762
62.84,22689
62.86,22699
62.88,22865
62.9,22791
62.92,22789
62.94,22822
62.96,22574
62.98,22954
63,22922
63.02,22663
63.04,22771
63.06,22772
63.08,22667
63.1,22792
63.12,22737
63.14,22916
63.16,22483
63.18,22644
63.2,22553
63.22,22828
63.24,22799
63.26,22688
63.28,23039
63.3,22653
63.32,22668
63.34,22737
63.36,22716
63.38,22879
63.4,22824
63.42,22928
63.44,22935
63.46,22987
63.48,22768
63.5,23059
63.52,22959
63.54,22729
63.56,22715
63.58,22729
63.6,22966
63.62,22923
63.64,22947
63.66,22815
63.68,23184
63.7,23007
63.72,22865
63.74,23261
63.76,23196
63.78,22992
63.8,23166
63.82,23091
63.84,23345
63.86,23191
63.88,23148
63.9,22958
63.92,23216
63.94,23584
63.96,23607
63.98,23156
64,23294
64.02,23156
64.04,23047
64.06,23040
64.08,23177
64.1,22923
64.12,23037
64.14,23019
64.16,22750
64.18,23093
64.2,22881
64.22,22845
64.24,22873
64.26,22536
64.28,23070
64.3,23077
64.32,22743
64.34,22896
64.36,22788
64.38,22978
64.4,23018
64.42,22801
64.44,22747
64.46,23090
64.48,22879
64.5,23066
64.52,23043
64.54,23143
64.56,23168
64.58,22998
64.6,23229
64.62,22991
64.64,23026
64.66,23012
64.68,23016
64.7,23092
64.72,23277
64.74,23347
64.76,23070
64.78,23093
64.8,23396
64.82,23290
64.84,23069
64.86,23043
64.88,23301
64.9,23151
64.92,23509
64.94,23195
64.96,23245
64.98,23273
65,23263
65.02,23187
65.04,23248
65.06,23114
65.08,23285
65.1,23350
65.12,23412
65.14,23611
65.16,23275
65.18,23533
65.2,23419
65.22,23278
65.24,23536
65.26,23335
65.28,23486
65.3,23477
65.32,23333
65.34,23586
65.36,23495
65.38,23506
65.4,23610
65.42,23419
65.44,23596
65.46,23753
65.48,23244
65.5,23279
65.52,23461
65.54,23369
65.56,23412
65.58,23212
65.6,23180
65.62,23429
65.64,23338
65.66,23231
65.68,23237
65.7,23445
65.72,23520
65.74,23396
65.76,23320
65.78,23318
65.8,23379
65.82,23230
65.84,23364
65.86,23281
65.88,23336
65.9,23260
65.92,23494
65.94,23229
65.96,23243
65.98,23387
66,23286
66.02,23559
66.04,23315
66.06,23769
66.08,23396
66.1,23620
66.12,23816
66.14,23806
66.16,23849
66.18,23936
66.2,24338
66.22,24253
66.24,24560
66.26,24756
66.28,24919
66.3,25095
66.32,25680
66.34,26004
66.36,26530
66.38,26973
66.4,27959
66.42,29297
66.44,30804
66.46,32448
66.48,34989
66.5,37261
66.52,39732
66.54,41303
66.56,43529
66.58,43809
66.6,43464
66.62,41014
66.64,38565
66.66,37103
66.68,35821
66.7,34992
66.72,35175
66.74,35171
66.76,34945
66.78,34029
66.8,32579
66.82,30917
66.84,29524
66.86,27950
66.88,26847
66.9,26223
66.92,25588
66.94,25017
66.96,24781
66.98,24785
67,24573
67.02,24177
67.04,24076
67.06,23917
67.08,24326
67.1,23945
67.12,24036
67.14,23808
67.16,23565
67.18,23471
67.2,23427
67.22,23562
67.24,23596
67.26,23852
67.28,23440
67.3,23312
67.32,23943
67.34,23597
67.36,23342
67.38,23314
67.4,23257
67.42,23159
67.44,23465
67.46,23329
67.48,23332
67.5,23415
67.52,23405
67.54,23137
67.56,23321
67.58,23503
67.6,23336
67.62,23534
67.64,23398
67.66,23515
67.68,23251
67.7,23767
67.72,23440
67.74,23321
67.76,23420
67.78,23350
67.8,23656
67.82,23493
67.84,23820
67.86,23756
67.88,23679
67.9,24010
67.92,23647
67.94,23583
67.96,23870
67.98,23635
68,23503
68.02,23798
68.04,23711
68.06,23652
68.08,23374
68.1,23572
68.12,23331
68.14,23305
68.16,23561
68.18,23172
68.2,23458
68.22,23255
68.24,23318
68.26,23194
68.28,23211
68.3,23327
68.32,23164
68.34,23358
68.36,23106
68.38,22665
68.4,23084
68.42,23137
68.44,22940
68.46,22911
68.48,23118
68.5,22997
68.52,23070
68.54,22915
68.56,22979
68.58,23015
68.6,23323
68.62,23090
68.64,23136
68.66,23115
68.68,23163
68.7,23026
68.72,23099
68.74,23214
68.76,23038
68.78,23239
68.8,23120
68.82,23480
68.84,23231
68.86,23368
68.88,23510
68.9,23410
68.92,23397
68.94,23413
68.96,23385
68.98,23513
69,23456
69.02,23715
69.04,23240
69.06,23466
69.08,23523
69.1,23213
69.12,23545
69.14,23271
69.16,23406
69.18,23425
69.2,23305
69.22,23387
69.24,23332
69.26,23362
69.28,23364
69.3,23461
69.32,23133
69.34,23165
69.36,23239
69.38,23352
69.4,23249
69.42,23105
69.44,23343
69.46,23223
69.48,23105
69.5,23386
69.52,23393
69.54,23207
69.56,23041
69.58,23030
69.6,22934
69.62,23187
69.64,23114
69.66,23160
69.68,23351
69.7,23097
69.72,23206
69.74,23139
69.76,23038
69.78,23427
69.8,23363
69.82,23435
69.84,23204
69.86,23225
69.88,23271
69.9,23226
69.92,23504
69.94,23300
69.96,23246
69.98,23397
70,23710
70.02,23339
70.04,23530
70.06,23368
70.08,23542
70.1,23571
70.12,23487
70.14,23205
70.16,23516
70.18,23338
70.2,23213
70.22,23227
70.24,23089
70.26,23160
70.28,23283
70.3,23340
70.32,23192
70.34,23032
70.36,23194
70.38,23164
70.4,22978
70.42,23154
70.44,23387
70.46,23099
70.48,22981
70.5,22850
70.52,23170
70.54,23161
70.56,22960
70.58,23322
70.6,23219
70.62,23312
70.64,23272
70.66,23294
70.68,23229
70.7,23180
70.72,22850
70.74,23189
70.76,23442
70.78,22918
70.8,23100
70.82,23161
70.84,23216
70.86,23164
70.88,23196
70.9,23345
70.92,23135
70.94,23581
70.96,23468
70.98,23005
71,23434
71.02,23185
71.04,23072
71.06,23189
71.08,23215
71.1,23119
71.12,23297
71.14,23345
71.16,23208
71.18,23069
71.2,23381
71.22,23247
71.24,22932
71.26,23377
71.28,23735
71.3,23276
71.32,23355
71.34,23205
71.36,23268
71.38,22969
71.4,23237
71.42,23131
71.44,23364
71.46,23061
71.48,23188
71.5,23118
71.52,23273
71.54,23249
71.56,23081
71.58,22983
71.6,23327
71.62,23129
71.64,23183
71.66,23310
71.68,23172
71.7,23135
71.72,23130
71.74,23151
71.76,23422
71.78,23681
71.8,23325
71.82,23214
71.84,23378
71.86,23315
71.88,23337
71.9,23384
71.92,23489
71.94,23687
71.96,23460
71.98,23287
72,22971
72.02,23781
72.04,23529
72.06,23599
72.08,23534
72.1,23526
72.12,23700
72.14,23562
72.16,23365
72.18,23631
72.2,23647
72.22,23534
72.24,23645
72.26,23593
72.28,23676
72.3,23462
72.32,23414
72.34,23572
72.36,23717
72.38,23532
72.4,23477
72.42,23260
72.44,23563
72.46,23343
72.48,23525
72.5,23553
72.52,23691
72.54,23458
72.56,23772
72.58,23643
72.6,23691
72.62,23807
72.64,23422
72.66,23561
72.68,23476
72.7,23828
72.72,23735
72.74,23594
72.76,23823
72.78,23654
72.8,23440
72.82,23780
72.84,23816
72.86,23774
72.88,23463
72.9,23713
72.92,23645
72.94,23713
72.96,23589
72.98,23522
73,23653
73.02,23714
73.04,23980
73.06,23238
73.08,23669
73.1,23491
73.12,23215
73.14,23409
73.16,23800
73.18,23527
73.2,23515
73.22,23334
73.24,23269
73.26,23376
73.28,23378
73.3,23202
73.32,23162
73.34,23129
73.36,23441
73.38,23544
73.4,23362
73.42,23206
73.44,23399
73.46,23300
73.48,23343
73.5,23326
73.52,23410
73.54,23282
73.56,23225
73.58,23617
73.6,23468
73.62,23507
73.64,23588
73.66,23560
73.68,23193
73.7,23547
73.72,23033
73.74,23401
73.76,23381
73.78,23529
73.8,23210
73.82,23393
73.84,23456
73.86,23461
73.88,23329
73.9,23573
73.92,23579
73.94,23835
73.96,23422
73.98,23634
74,23367
74.02,23842
74.04,23460
74.06,23478
74.08,23470
74.1,23511
74.12,23365
74.14,23741
74.16,23410
74.18,23760
74.2,23943
74.22,23587
74.24,23836
74.26,23412
74.28,23590
74.3,23821
74.32,23602
74.34,23741
74.36,23533
74.38,23978
74.4,23623
74.42,23583
74.44,23656
74.46,23628
74.48,23499
74.5,23738
74.52,23712
74.54,23998
74.56,23843
74.58,23834
74.6,23902
74.62,23984
74.64,24008
74.66,23999
74.68,24030
74.7,23894
74.72,23628
74.74,24062
74.76,23990
74.78,24110
74.8,24145
74.82,24025
74.84,23803
74.86,23903
74.88,23949
74.9,23869
74.92,23758
74.94,23925
74.96,23789
74.98,23932
75,23952
75.02,23913
75.04,23924
75.06,23874
75.08,23831
75.1,24020
75.12,23808
75.14,23895
75.16,23620
75.18,23613
75.2,23642
75.22,23867
75.24,23718
75.26,23959
75.28,24158
75.3,23669
75.32,24001
75.34,23954
75.36,24141
75.38,23651
75.4,23661
75.42,23858
75.44,23817
75.46,23975
75.48,24135
75.5,24026
75.52,23912
75.54,24083
75.56,24338
75.58,24491
75.6,24911
75.62,24692
75.64,25452
75.66,25484
75.68,26256
75.7,26622
75.72,27523
75.74,28931
75.76,30877
75.78,31947
75.8,32409
75.82,32994
75.84,32361
75.86,31116
75.88,30099
75.9,29102
75.92,28424
75.94,28072
75.96,27961
75.98,28197
76,28580
76.02,28944
76.04,29032
76.06,28548
76.08,27640
76.1,26876
76.12,26390
76.14,25738
76.16,25179
76.18,24849
76.2,24944
76.22,24348
76.24,24440
76.26,24287
76.28,24270
76.3,24372
76.32,24341
76.34,24221
76.36,23984
76.38,24049
76.4,23900
76.42,23996
76.44,24137
76.46,23987
76.48,24024
76.5,24232
76.52,24429
76.54,24033
76.56,24374
76.58,24867
76.6,25072
76.62,25647
76.64,26066
76.66,26322
76.68,26921
76.7,26823
76.72,26455
76.74,26570
76.76,26039
76.78,26183
76.8,25866
76.82,25767
76.84,25587
76.86,25851
76.88,25972
76.9,25598
76.92,25684
76.94,25755
76.96,25504
76.98,25539
77,25474
77.02,25078
77.04,24749
77.06,24839
77.08,24622
77.1,24501
77.12,24796
77.14,24354
77.16,24563
77.18,24520
77.2,24401
77.22,24614
77.24,24383
77.26,24519
77.28,24264
77.3,24353
77.32,24251
77.34,24299
77.36,23892
77.38,24109
77.4,23921
77.42,24336
77.44,24163
77.46,24024
77.48,23881
77.5,23883
77.52,24084
77.54,23874
77.56,23791
77.58,24173
77.6,23812
77.62,24004
77.64,23696
77.66,23829
77.68,23795
77.7,23684
77.72,23609
77.74,23779
77.76,24025
77.78,23587
77.8,23801
77.82,23916
77.84,24007
77.86,23775
77.88,24050
77.9,23868
77.92,24026
77.94,23959
77.96,24054
77.98,23955
78,23929
78.02,23948
78.04,23672
78.06,23716
78.08,23989
78.1,24105
78.12,24130
78.14,23971
78.16,24031
78.18,23805
78.2,24044
78.22,23598
78.24,23961
78.26,23577
78.28,23845
78.3,23960
78.32,24132
78.34,23682
78.36,23671
78.38,23957
78.4,23660
78.42,23718
78.44,24116
78.46,23996
78.48,23926
78.5,24047
78.52,24378
78.54,23996
78.56,23998
78.58,24369
78.6,24033
78.62,24018
78.64,24036
78.66,24222
78.68,24272
78.7,23905
78.72,24076
78.74,24265
78.76,23995
78.78,24407
78.8,23921
78.82,24139
78.84,24372
78.86,23970
78.88,24247
78.9,24338
78.92,24403
78.94,23912
78.96,24067
78.98,24481
79,24581
79.02,24105
79.04,24187
79.06,24347
79.08,24081
79.1,24594
79.12,24393
79.14,24221
79.16,24299
79.18,24035
79.2,23982
79.22,24084
79.24,24349
79.26,24201
79.28,24290
79.3,24378
79.32,24321
79.34,24055
79.36,24069
79.38,24338
79.4,24073
79.42,24309
79.44,24104
79.46,24299
79.48,24201
79.5,24241
79.52,24161
79.54,24147
79.56,23940
79.58,24233
79.6,24170
79.62,24174
79.64,24053
79.66,23843
79.68,24077
79.7,23745
79.72,23857
79.74,24212
79.76,23766
79.78,24218
79.8,24065
79.82,23984
79.84,24150
79.86,23897
79.88,23813
79.9,24028
79.92,23639
79.94,24086
79.96,24237
79.98,23823
80,24051
80.02,23857
80.04,23886
80.06,24360
80.08,23920
80.1,23921
80.12,23767
80.14,24069
80.16,24107
80.18,24219
80.2,24072
80.22,24209
80.24,24395
80.26,24282
80.28,24218
80.3,23952
80.32,24305
80.34,24111
80.36,24085
80.38,24223
80.4,24342
80.42,24315
80.44,24420
80.46,24284
80.48,24550
80.5,24475
80.52,24512
80.54,24510
80.56,24648
80.58,25109
80.6,25267
80.62,25170
80.64,25066
80.66,25302
80.68,25089
80.7,24914
80.72,25159
80.74,25125
80.76,24789
80.78,24886
80.8,24743
80.82,24522
80.84,24617
80.86,24441
80.88,24504
80.9,24649
80.92,24384
80.94,24325
80.96,24369
80.98,24434
81,24452
81.02,24350
81.04,24180
81.06,24319
81.08,24052
81.1,24244
81.12,23759
81.14,23957
81.16,23976
81.18,23827
81.2,23689
81.22,24080
81.24,23860
81.26,24176
81.28,23820
81.3,24031
81.32,24064
81.34,23807
81.36,23979
81.38,24027
81.4,23738
81.42,23938
81.44,24094
81.46,23731
81.48,24168
81.5,24034
81.52,23827
81.54,23776
81.56,24054
81.58,24216
81.6,23673
81.62,23998
81.64,23721
81.66,23687
81.68,23816
81.7,23869
81.72,23761
81.74,24066
81.76,23850
81.78,23885
81.8,24222
81.82,24086
81.84,23966
81.86,24020
81.88,23749
81.9,24007
81.92,23803
81.94,23895
81.96,24158
81.98,24092
82,24103
82.02,23867
82.04,24082
82.06,23803
82.08,24083
82.1,24246
82.12,23860
82.14,23984
82.16,24127
82.18,24271
82.2,24259
82.22,24303
82.24,24396
82.26,24379
82.28,23980
82.3,24035
82.32,24261
82.34,24325
82.36,24053
82.38,24013
82.4,24047
82.42,24360
82.44,24187
82.46,24463
82.48,24272
82.5,24522
82.52,24331
82.54,23929
82.56,24269
82.58,24448
82.6,24314
82.62,24386
82.64,24335
82.66,24227
82.68,24449
82.7,24146
82.72,24046
82.74,24275
82.76,24115
82.78,24363
82.8,24220
82.82,24058
82.84,24623
82.86,24672
82.88,24298
82.9,24699
82.92,24349
82.94,24499
82.96,24281
82.98,24316
83,24356
83.02,24373
83.04,24039
83.06,24269
83.08,24348
83.1,24499
83.12,24383
83.14,24189
83.16,24323
83.18,24233
83.2,23953
83.22,24431
83.24,24197
83.26,24372
83.28,24088
83.3,24498
83.32,24367
83.34,24107
83.36,24049
83.38,24422
83.4,24304
83.42,24426
83.44,24324
83.46,24277
83.48,24653
83.5,24787
83.52,24503
83.54,24747
83.56,24630
83.58,24752
83.6,24460
83.62,24642
83.64,24865
83.66,25090
83.68,24743
83.7,25188
83.72,24890
83.74,24940
83.76,25017
83.78,24711
83.8,24913
83.82,24960
83.84,24931
83.86,24863
83.88,24652
83.9,24821
83.92,24664
83.94,24828
83.96,24482
83.98,24752
84,24633
84.02,24274
84.04,24625
84.06,24536
84.08,24775
84.1,24696
84.12,24545
84.14,24570
84.16,24688
84.18,24248
84.2,24656
84.22,24675
84.24,24722
84.26,24417
84.28,24595
84.3,24612
84.32,24575
84.34,24625
84.36,24909
84.38,24547
84.4,24622
84.42,24816
84.44,24798
84.46,25346
84.48,25022
84.5,25242
84.52,24981
84.54,25337
84.56,25425
84.58,25517
84.6,25503
84.62,25513
84.64,25594
84.66,26094
84.68,26230
84.7,26575
84.72,27027
84.74,27167
84.76,27867
84.78,28437
84.8,29186
84.82,30073
84.84,31014
84.86,32063
84.88,33159
84.9,33984
84.92,35268
84.94,36224
84.96,36931
84.98,36872
85,37005
85.02,36649
85.04,35958
85.06,35165
85.08,34200
85.1,33614
85.12,33229
85.14,32541
85.16,32851
85.18,32380
85.2,32282
85.22,31844
85.24,31729
85.26,31729
85.28,31096
85.3,30405
85.32,29914
85.34,28942
85.36,28251
85.38,27508
85.4,27731
85.42,26980
85.44,26893
85.46,26559
85.48,26324
85.5,26291
85.52,25938
85.54,25948
85.56,25949
85.58,25663
85.6,25910
85.62,25520
85.64,25464
85.66,25929
85.68,25976
85.7,25899
85.72,26369
85.74,26481
85.76,26209
85.78,26578
85.8,26661
85.82,27306
85.84,28019
85.86,28968
85.88,30531
85.9,32199
85.92,33544
85.94,34680
85.96,35567
85.98,35545
86,35255
86.02,35436
86.04,34982
86.06,34395
86.08,33900
86.1,32974
86.12,32793
86.14,32349
86.16,32227
86.18,32306
86.2,32156
86.22,32008
86.24,31924
86.26,31249
86.28,31070
86.3,30638
86.32,30192
86.34,29635
86.36,28794
86.38,28189
86.4,27918
86.42,27300
86.44,26606
86.46,26290
86.48,26073
86.5,25973
86.52,25758
86.54,25614
86.56,25214
86.58,25457
86.6,25243
86.62,24933
86.64,24749
86.66,25047
86.68,25012
86.7,25012
86.72,24447
86.74,24710
86.76,24728
86.78,24538
86.8,24468
86.82,24600
86.84,24406
86.86,24666
86.88,24628
86.9,24623
86.92,24778
86.94,24378
86.96,24620
86.98,24597
87,24497
87.02,24409
87.04,24643
87.06,24399
87.08,24456
87.1,24553
87.12,24404
87.14,24369
87.16,24431
87.18,24394
87.2,24400
87.22,24660
87.24,24414
87.26,24746
87.28,24504
87.3,24172
87.32,24576
87.34,24546
87.36,24548
87.38,24700
87.4,24469
87.42,24561
87.44,24601
87.46,24606
87.48,24500
87.5,24440
87.52,24216
87.54,24367
87.56,24435
87.58,24590
87.6,24504
87.62,24302
87.64,24249
87.66,24384
87.68,24424
87.7,24797
87.72,24252
87.74,24569
87.76,24279
87.78,24381
87.8,24325
87.82,24582
87.84,24387
87.86,24345
87.88,24205
87.9,24209
87.92,24516
87.94,24243
87.96,24506
87.98,24488
88,24328
88.02,24275
88.04,24546
88.06,24439
88.08,24424
88.1,24550
88.12,24208
88.14,24885
88.16,24440
88.18,24435
88.2,24471
88.22,24267
88.24,24353
88.26,24508
88.28,24498
88.3,24516
88.32,24439
88.34,24810
88.36,24380
88.38,24687
88.4,24377
88.42,24428
88.44,24715
88.46,24618
88.48,24711
88.5,24383
88.52,24632
88.54,24492
88.56,24978
88.58,24407
88.6,24436
88.62,24843
88.64,24526
88.66,24497
88.68,24419
88.7,24767
88.72,24517
88.74,24637
88.76,24351
88.78,24435
88.8,24922
88.82,24584
88.84,24542
88.86,24526
88.88,24591
88.9,24652
88.92,24769
88.94,24854
88.96,24481
88.98,24597
89,24707
89.02,24674
89.04,24508
89.06,24342
89.08,24483
89.1,24612
89.12,24695
89.14,24675
89.16,24449
89.18,24610
89.2,24638
89.22,24562
89.24,24532
89.26,24710
89.28,24599
89.3,24463
89.32,24326
89.34,24533
89.36,24461
89.38,24412
89.4,24672
89.42,24534
89.44,24676
89.46,24470
89.48,24546
89.5,24456
89.52,24509
89.54,24676
89.56,24437
89.58,24755
89.6,24454
89.62,24504
89.64,24646
89.66,24373
89.68,24367
89.7,24830
89.72,24551
89.74,24560
89.76,24374
89.78,24841
89.8,24453
89.82,24213
89.84,24457
89.86,24442
89.88,24578
89.9,24675
89.92,24530
89.94,24406
89.96,24699
89.98,24673
90,24600
