10,1295
10.02,1302
10.04,1322
10.06,1323
10.08,1298
10.1,1310
10.12,1372
10.14,1276
10.16,1365
10.18,1297
10.2,1318
10.22,1336
10.24,1304
10.26,1333
10.28,1319
10.3,1383
10.32,1332
10.34,1211
10.36,1364
10.38,1340
10.4,1305
10.42,1266
10.44,1331
10.46,1295
10.48,1347
10.5,1281
10.52,1312
10.54,1336
10.56,1357
10.58,1344
10.6,1370
10.62,1281
10.64,1263
10.66,1281
10.68,1335
10.7,1324
10.72,1347
10.74,1275
10.76,1260
10.78,1337
10.8,1281
10.82,1273
10.84,1345
10.86,1271
10.88,1272
10.9,1228
10.92,1378
10.94,1313
10.96,1294
10.98,1324
11,1279
11.02,1345
11.04,1382
11.06,1366
11.08,1285
11.1,1291
11.12,1310
11.14,1378
11.16,1311
11.18,1381
11.2,1344
11.22,1363
11.24,1334
11.26,1307
11.28,1342
11.3,1334
11.32,1382
11.34,1392
11.36,1375
11.38,1301
11.4,1329
11.42,1356
11.44,1350
11.46,1356
11.48,1310
11.5,1355
11.52,1312
11.54,1355
11.56,1351
11.58,1301
11.6,1340
11.62,1256
11.64,1320
11.66,1295
11.68,1280
11.7,1323
11.72,1405
11.74,1332
11.76,1304
11.78,1330
11.8,1299
11.82,1327
11.84,1366
11.86,1323
11.88,1365
11.9,1327
11.92,1355
11.94,1332
11.96,1363
11.98,1355
12,1305
12.02,1346
12.04,1334
12.06,1321
12.08,1318
12.1,1328
12.12,1344
12.14,1359
12.16,1356
12.18,1398
12.2,1309
12.22,1309
12.24,1392
12.26,1366
12.28,1373
12.3,1368
12.32,1373
12.34,1426
12.36,1381
12.38,1436
12.4,1329
12.42,1362
12.44,1388
12.46,1407
12.48,1401
12.5,1354
12.52,1321
12.54,1322
12.56,1391
12.58,1350
12.6,1400
12.62,1351
12.64,1361
12.66,1364
12.68,1424
12.7,1382
12.72,1347
12.74,1366
12.76,1343
12.78,1306
12.8,1319
12.82,1371
12.84,1304
12.86,1384
12.88,1382
12.9,1382
12.92,1396
12.94,1300
12.96,1369
12.98,1433
13,1376
13.02,1378
13.04,1379
13.06,1451
13.08,1379
13.1,1313
13.12,1445
13.14,1387
13.16,1349
13.18,1337
13.2,1348
13.22,1423
13.24,1369
13.26,1353
13.28,1401
13.3,1347
13.32,1402
13.34,1380
13.36,1399
13.38,1432
13.4,1366
13.42,1379
13.44,1342
13.46,1398
13.48,1394
13.5,1364
13.52,1341
13.54,1361
13.56,1342
13.58,1404
13.6,1390
13.62,1336
13.64,1334
13.66,1417
13.68,1453
13.7,1366
13.72,1362
13.74,1340
13.76,1467
13.78,1484
13.8,1434
13.82,1455
13.84,1421
13.86,1508
13.88,1471
13.9,1450
13.92,1537
13.94,1457
13.96,1544
13.98,1533
14,1566
14.02,1683
14.04,1728
14.06,1787
14.08,1880
14.1,1855
14.12,2048
14.14,2266
14.16,2432
14.18,2694
14.2,3239
14.22,3806
14.24,4800
14.26,5676
14.28,5939
14.3,5455
14.32,4405
14.34,3331
14.36,2498
14.38,2119
14.4,1867
14.42,1696
14.44,1641
14.46,1563
14.48,1537
14.5,1504
14.52,1525
14.54,1512
14.56,1528
14.58,1441
14.6,1500
14.62,1499
14.64,1477
14.66,1434
14.68,1361
14.7,1521
14.72,1392
14.74,1425
14.76,1449
14.78,1415
14.8,1456
14.82,1395
14.84,1409
14.86,1387
14.88,1407
14.9,1438
14.92,1402
14.94,1392
14.96,1443
14.98,1361
15,1388
15.02,1393
15.04,1417
15.06,1381
15.08,1457
15.1,1467
15.12,1438
15.14,1469
15.16,1381
15.18,1395
15.2,1416
15.22,1420
15.24,1432
15.26,1412
15.28,1362
15.3,1404
15.32,1456
15.34,1434
15.36,1454
15.38,1433
15.4,1371
15.42,1417
15.44,1409
15.46,1412
15.48,1428
15.5,1475
15.52,1480
15.54,1438
15.56,1508
15.58,1441
15.6,1514
15.62,1454
15.64,1442
15.66,1404
15.68,1359
15.7,1416
15.72,1390
15.74,1441
15.76,1446
15.78,1405
15.8,1476
15.82,1400
15.84,1359
15.86,1440
15.88,1382
15.9,1393
15.92,1453
15.94,1393
15.96,1432
15.98,1445
16,1410
16.02,1357
16.04,1446
16.06,1415
16.08,1384
16.1,1417
16.12,1420
16.14,1411
16.16,1406
16.18,1482
16.2,1426
16.22,1438
16.24,1394
16.26,1440
16.28,1405
16.3,1407
16.32,1421
16.34,1407
16.36,1451
16.38,1462
16.4,1484
16.42,1412
16.44,1485
16.46,1466
16.48,1428
16.5,1424
16.52,1386
16.54,1422
16.56,1404
16.58,1386
16.6,1435
16.62,1490
16.64,1428
16.66,1417
16.68,1449
16.7,1433
16.72,1409
16.74,1418
16.76,1386
16.78,1452
16.8,1371
16.82,1370
16.84,1375
16.86,1400
16.88,1456
16.9,1411
16.92,1510
16.94,1416
16.96,1418
16.98,1457
17,1447
17.02,1454
17.04,1403
17.06,1419
17.08,1398
17.1,1426
17.12,1420
17.14,1429
17.16,1430
17.18,1447
17.2,1465
17.22,1460
17.24,1458
17.26,1452
17.28,1425
17.3,1443
17.32,1418
17.34,1448
17.36,1400
17.38,1411
17.4,1426
17.42,1398
17.44,1367
17.46,1428
17.48,1411
17.5,1386
17.52,1463
17.54,1424
17.56,1434
17.58,1449
17.6,1377
17.62,1467
17.64,1406
17.66,1409
17.68,1369
17.7,1446
17.72,1448
17.74,1504
17.76,1457
17.78,1435
17.8,1525
17.82,1465
17.84,1459
17.86,1545
17.88,1477
17.9,1504
17.92,1483
17.94,1494
17.96,1538
17.98,1435
18,1460
18.02,1400
18.04,1420
18.06,1435
18.08,1480
18.1,1420
18.12,1422
18.14,1422
18.16,1435
18.18,1496
18.2,1442
18.22,1446
18.24,1415
18.26,1421
18.28,1415
18.3,1444
18.32,1426
18.34,1478
18.36,1485
18.38,1495
18.4,1468
18.42,1440
18.44,1489
18.46,1421
18.48,1447
18.5,1461
18.52,1436
18.54,1457
18.56,1453
18.58,1398
18.6,1436
18.62,1485
18.64,1382
18.66,1467
18.68,1437
18.7,1380
18.72,1434
18.74,1424
18.76,1438
18.78,1432
18.8,1400
18.82,1505
18.84,1437
18.86,1451
18.88,1423
18.9,1509
18.92,1529
18.94,1466
18.96,1562
18.98,1531
19,1534
19.02,1437
19.04,1481
19.06,1379
19.08,1464
19.1,1406
19.12,1422
19.14,1451
19.16,1420
19.18,1379
19.2,1452
19.22,1381
19.24,1518
19.26,1435
19.28,1480
19.3,1392
19.32,1474
19.34,1401
19.36,1412
19.38,1456
19.4,1473
19.42,1378
19.44,1479
19.46,1462
19.48,1443
19.5,1522
19.52,1446
19.54,1475
19.56,1511
19.58,1457
19.6,1468
19.62,1425
19.64,1477
19.66,1524
19.68,1451
19.7,1512
19.72,1610
19.74,1646
19.76,1662
19.78,1792
19.8,1839
19.82,1887
19.84,2136
19.86,2406
19.88,2733
19.9,3233
19.92,4137
19.94,5036
19.96,5825
19.98,5648
20,5084
20.02,4442
20.04,3483
20.06,2952
20.08,2501
20.1,2146
20.12,2082
20.14,2123
20.16,2244
20.18,2532
20.2,2829
20.22,2860
20.24,2963
20.26,2742
20.28,2593
20.3,2217
20.32,1911
20.34,1790
20.36,1676
20.38,1606
20.4,1569
20.42,1551
20.44,1553
20.46,1502
20.48,1482
20.5,1523
20.52,1548
20.54,1508
20.56,1497
20.58,1530
20.6,1453
20.62,1511
20.64,1508
20.66,1528
20.68,1468
20.7,1451
20.72,1453
20.74,1526
20.76,1440
20.78,1453
20.8,1501
20.82,1484
20.84,1452
20.86,1505
20.88,1484
20.9,1472
20.92,1452
20.94,1479
20.96,1444
20.98,1460
21,1474
21.02,1436
21.04,1445
21.06,1589
21.08,1460
21.1,1471
21.12,1463
21.14,1506
21.16,1504
21.18,1596
21.2,1449
21.22,1477
21.24,1524
21.26,1565
21.28,1530
21.3,1472
21.32,1443
21.34,1458
21.36,1419
21.38,1414
21.4,1492
21.42,1448
21.44,1526
21.46,1372
21.48,1389
21.5,1367
21.52,1440
21.54,1473
21.56,1424
21.58,1445
21.6,1447
21.62,1409
21.64,1391
21.66,1402
21.68,1327
21.7,1441
21.72,1435
21.74,1437
21.76,1349
21.78,1439
21.8,1417
21.82,1450
21.84,1419
21.86,1433
21.88,1440
21.9,1462
21.92,1402
21.94,1401
21.96,1422
21.98,1382
22,1375
22.02,1431
22.04,1431
22.06,1373
22.08,1367
22.1,1434
22.12,1434
22.14,1423
22.16,1429
22.18,1372
22.2,1418
22.22,1426
22.24,1423
22.26,1404
22.28,1375
22.3,1411
22.32,1393
22.34,1362
22.36,1386
22.38,1365
22.4,1366
22.42,1363
22.44,1433
22.46,1416
22.48,1433
22.5,1441
22.52,1441
22.54,1372
22.56,1428
22.58,1448
22.6,1431
22.62,1427
22.64,1448
22.66,1495
22.68,1513
22.7,1492
22.72,1494
22.74,1476
22.76,1460
22.78,1465
22.8,1367
22.82,1423
22.84,1478
22.86,1595
22.88,1416
22.9,1442
22.92,1502
22.94,1451
22.96,1405
22.98,1369
23,1428
23.02,1401
23.04,1404
23.06,1406
23.08,1440
23.1,1461
23.12,1458
23.14,1369
23.16,1484
23.18,1409
23.2,1444
23.22,1422
23.24,1514
23.26,1444
23.28,1485
23.3,1454
23.32,1490
23.34,1462
23.36,1367
23.38,1386
23.4,1402
23.42,1411
23.44,1431
23.46,1399
23.48,1366
23.5,1379
23.52,1365
23.54,1421
23.56,1392
23.58,1410
23.6,1413
23.62,1401
23.64,1400
23.66,1413
23.68,1417
23.7,1365
23.72,1370
23.74,1416
23.76,1393
23.78,1426
23.8,1398
23.82,1394
23.84,1366
23.86,1431
23.88,1402
23.9,1412
23.92,1524
23.94,1417
23.96,1417
23.98,1463
24,1412
24.02,1358
24.04,1469
24.06,1444
24.08,1517
24.1,1424
24.12,1303
24.14,1423
24.16,1452
24.18,1431
24.2,1375
24.22,1384
24.24,1452
24.26,1336
24.28,1417
24.3,1476
24.32,1448
24.34,1427
24.36,1440
24.38,1452
24.4,1415
24.42,1467
24.44,1452
24.46,1462
24.48,1453
24.5,1396
24.52,1419
24.54,1421
24.56,1420
24.58,1428
24.6,1418
24.62,1436
24.64,1462
24.66,1502
24.68,1457
24.7,1484
24.72,1477
24.74,1358
24.76,1455
24.78,1444
24.8,1480
24.82,1451
24.84,1485
24.86,1429
24.88,1402
24.9,1433
24.92,1601
24.94,1478
24.96,1376
24.98,1498
25,1466
25.02,1467
25.04,1452
25.06,1461
25.08,1446
25.1,1506
25.12,1437
25.14,1458
25.16,1462
25.18,1449
25.2,1500
25.22,1416
25.24,1514
25.26,1471
25.28,1508
25.3,1466
25.32,1484
25.34,1521
25.36,1492
25.38,1462
25.4,1496
25.42,1471
25.44,1418
25.46,1494
25.48,1485
25.5,1491
25.52,1477
25.54,1482
25.56,1417
25.58,1373
25.6,1458
25.62,1464
25.64,1454
25.66,1429
25.68,1457
25.7,1433
25.72,1439
25.74,1494
25.76,1373
25.78,1369
25.8,1350
25.82,1404
25.84,1398
25.86,1409
25.88,1354
25.9,1413
25.92,1406
25.94,1377
25.96,1419
25.98,1407
26,1396
26.02,1357
26.04,1352
26.06,1412
26.08,1394
26.1,1349
26.12,1365
26.14,1356
26.16,1410
26.18,1403
26.2,1365
26.22,1408
26.24,1435
26.26,1393
26.28,1430
26.3,1439
26.32,1464
26.34,1453
26.36,1473
26.38,1565
26.4,1486
26.42,1484
26.44,1578
26.46,1511
26.48,1516
26.5,1567
26.52,1583
26.54,1502
26.56,1521
26.58,1410
26.6,1416
26.62,1427
26.64,1499
26.66,1427
26.68,1471
26.7,1482
26.72,1435
26.74,1473
26.76,1509
26.78,1472
26.8,1516
26.82,1374
26.84,1497
26.86,1464
26.88,1444
26.9,1502
26.92,1481
26.94,1429
26.96,1431
26.98,1486
27,1443
27.02,1386
27.04,1571
27.06,1458
27.08,1465
27.1,1529
27.12,1575
27.14,1598
27.16,1544
27.18,1609
27.2,1528
27.22,1569
27.24,1566
27.26,1548
27.28,1531
27.3,1446
27.32,1416
27.34,1467
27.36,1445
27.38,1509
27.4,1443
27.42,1444
27.44,1546
27.46,1446
27.48,1525
27.5,1468
27.52,1532
27.54,1477
27.56,1498
27.58,1424
27.6,1473
27.62,1437
27.64,1485
27.66,1388
27.68,1462
27.7,1518
27.72,1485
27.74,1472
27.76,1508
27.78,1528
27.8,1475
27.82,1461
27.84,1459
27.86,1437
27.88,1501
27.9,1444
27.92,1518
27.94,1532
27.96,1506
27.98,1498
28,1441
28.02,1572
28.04,1472
28.06,1550
28.08,1544
28.1,1466
28.12,1591
28.14,1534
28.16,1571
28.18,1544
28.2,1539
28.22,1605
28.24,1565
28.26,1680
28.28,1669
28.3,1728
28.32,1761
28.34,1751
28.36,1867
28.38,2013
28.4,2231
28.42,2567
28.44,2850
28.46,3361
28.48,4169
28.5,5608
28.52,7261
28.54,8828
28.56,9554
28.58,8820
28.6,7939
28.62,7581
28.64,6956
28.66,6324
28.68,6187
28.7,6507
28.72,6903
28.74,7185
28.76,6764
28.78,6300
28.8,5675
28.82,4847
28.84,3930
28.86,3247
28.88,2640
28.9,2258
28.92,1983
28.94,1883
28.96,1773
28.98,1721
29,1677
29.02,1636
29.04,1616
29.06,1601
29.08,1668
29.1,1562
29.12,1573
29.14,1542
29.16,1622
29.18,1578
29.2,1602
29.22,1561
29.24,1632
29.26,1641
29.28,1602
29.3,1551
29.32,1566
29.34,1594
29.36,1634
29.38,1628
29.4,1642
29.42,1591
29.44,1652
29.46,1653
29.48,1586
29.5,1564
29.52,1498
29.54,1499
29.56,1511
29.58,1554
29.6,1462
29.62,1493
29.64,1553
29.66,1494
29.68,1455
29.7,1497
29.72,1479
29.74,1499
29.76,1492
29.78,1492
29.8,1553
29.82,1513
29.84,1555
29.86,1602
29.88,1481
29.9,1450
29.92,1552
29.94,1616
29.96,1622
29.98,1605
30,1607
30.02,1545
30.04,1616
30.06,1629
30.08,1550
30.1,1526
30.12,1493
30.14,1535
30.16,1507
30.18,1496
30.2,1557
30.22,1473
30.24,1448
30.26,1479
30.28,1519
30.3,1496
30.32,1491
30.34,1483
30.36,1442
30.38,1475
30.4,1455
30.42,1511
30.44,1395
30.46,1416
30.48,1475
30.5,1531
30.52,1467
30.54,1406
30.56,1454
30.58,1432
30.6,1468
30.62,1367
30.64,1461
30.66,1479
30.68,1440
30.7,1484
30.72,1504
30.74,1482
30.76,1446
30.78,1476
30.8,1424
30.82,1411
30.84,1502
30.86,1547
30.88,1510
30.9,1513
30.92,1461
30.94,1443
30.96,1441
30.98,1457
31,1473
31.02,1462
31.04,1450
31.06,1477
31.08,1445
31.1,1441
31.12,1533
31.14,1482
31.16,1452
31.18,1479
31.2,1403
31.22,1569
31.24,1454
31.26,1459
31.28,1494
31.3,1510
31.32,1478
31.34,1448
31.36,1532
31.38,1527
31.4,1559
31.42,1480
31.44,1484
31.46,1437
31.48,1469
31.5,1435
31.52,1489
31.54,1475
31.56,1469
31.58,1441
31.6,1495
31.62,1496
31.64,1478
31.66,1466
31.68,1452
31.7,1486
31.72,1504
31.74,1511
31.76,1517
31.78,1496
31.8,1447
31.82,1433
31.84,1480
31.86,1453
31.88,1468
31.9,1532
31.92,1549
31.94,1593
31.96,1556
31.98,1564
32,1563
32.02,1676
32.04,1622
32.06,1767
32.08,1822
32.1,1886
32.12,2197
32.14,2559
32.16,3022
32.18,3673
32.2,4211
32.22,4274
32.24,4008
32.26,3849
32.28,3423
32.3,3109
32.32,2695
32.34,2394
32.36,2065
32.38,1857
32.4,1682
32.42,1717
32.44,1713
32.46,1606
32.48,1648
32.5,1586
32.52,1630
32.54,1578
32.56,1593
32.58,1587
32.6,1555
32.62,1585
32.64,1462
32.66,1535
32.68,1511
32.7,1524
32.72,1517
32.74,1612
32.76,1488
32.78,1498
32.8,1508
32.82,1485
32.84,1509
32.86,1543
32.88,1539
32.9,1468
32.92,1563
32.94,1516
32.96,1418
32.98,1424
33,1462
33.02,1439
33.04,1466
33.06,1482
33.08,1475
33.1,1472
33.12,1540
33.14,1451
33.16,1509
33.18,1458
33.2,1484
33.22,1494
33.24,1437
33.26,1564
33.28,1489
33.3,1516
33.32,1448
33.34,1470
33.36,1473
33.38,1531
33.4,1486
33.42,1497
33.44,1541
33.46,1499
33.48,1514
33.5,1579
33.52,1531
33.54,1531
33.56,1633
33.58,1571
33.6,1587
33.62,1610
33.64,1473
33.66,1579
33.68,1582
33.7,1587
33.72,1575
33.74,1621
33.76,1578
33.78,1589
33.8,1622
33.82,1552
33.84,1510
33.86,1635
33.88,1513
33.9,1578
33.92,1514
33.94,1504
33.96,1549
33.98,1549
34,1543
34.02,1574
34.04,1534
34.06,1604
34.08,1598
34.1,1556
34.12,1567
34.14,1596
34.16,1535
34.18,1553
34.2,1531
34.22,1537
34.24,1594
34.26,1586
34.28,1530
34.3,1581
34.32,1599
34.34,1575
34.36,1515
34.38,1555
34.4,1537
34.42,1543
34.44,1551
34.46,1511
34.48,1530
34.5,1559
34.52,1564
34.54,1572
34.56,1558
34.58,1592
34.6,1556
34.62,1604
34.64,1614
34.66,1655
34.68,1649
34.7,1711
34.72,1794
34.74,1964
34.76,1947
34.78,2064
34.8,1942
34.82,2008
34.84,1770
34.86,1826
34.88,1808
34.9,1813
34.92,1761
34.94,1711
34.96,1695
34.98,1680
35,1732
35.02,1760
35.04,1786
35.06,1847
35.08,1895
35.1,2149
35.12,2417
35.14,2779
35.16,3400
35.18,4398
35.2,5650
35.22,6434
35.24,6284
35.26,5979
35.28,5373
35.3,4984
35.32,4578
35.34,3881
35.36,3305
35.38,2747
35.4,2333
35.42,2122
35.44,1920
35.46,1854
35.48,1859
35.5,1854
35.52,1683
35.54,1719
35.56,1690
35.58,1705
35.6,1664
35.62,1652
35.64,1692
35.66,1580
35.68,1610
35.7,1551
35.72,1546
35.74,1557
35.76,1562
35.78,1590
35.8,1517
35.82,1496
35.84,1539
35.86,1539
35.88,1554
35.9,1558
35.92,1605
35.94,1557
35.96,1506
35.98,1512
36,1597
36.02,1480
36.04,1573
36.06,1564
36.08,1636
36.1,1534
36.12,1574
36.14,1525
36.16,1494
36.18,1526
36.2,1492
36.22,1490
36.24,1525
36.26,1528
36.28,1480
36.3,1512
36.32,1468
36.34,1489
36.36,1506
36.38,1524
36.4,1521
36.42,1493
36.44,1518
36.46,1471
36.48,1471
36.5,1472
36.52,1525
36.54,1503
36.56,1485
36.58,1523
36.6,1517
36.62,1527
36.64,1468
36.66,1538
36.68,1475
36.7,1463
36.72,1506
36.74,1475
36.76,1489
36.78,1530
36.8,1486
36.82,1580
36.84,1551
36.86,1584
36.88,1534
36.9,1626
36.92,1529
36.94,1533
36.96,1571
36.98,1545
37,1535
37.02,1561
37.04,1556
37.06,1518
37.08,1505
37.1,1495
37.12,1496
37.14,1509
37.16,1526
37.18,1509
37.2,1520
37.22,1531
37.24,1543
37.26,1495
37.28,1505
37.3,1488
37.32,1520
37.34,1529
37.36,1584
37.38,1537
37.4,1579
37.42,1544
37.44,1549
37.46,1536
37.48,1519
37.5,1504
37.52,1558
37.54,1552
37.56,1645
37.58,1562
37.6,1562
37.62,1529
37.64,1661
37.66,1716
37.68,1874
37.7,2096
37.72,2240
37.74,2282
37.76,2353
37.78,2272
37.8,2097
37.82,2031
37.84,1944
37.86,1908
37.88,1739
37.9,1814
37.92,1635
37.94,1607
37.96,1624
37.98,1622
38,1595
38.02,1532
38.04,1525
38.06,1542
38.08,1514
38.1,1598
38.12,1558
38.14,1567
38.16,1494
38.18,1475
38.2,1545
38.22,1535
38.24,1640
38.26,1603
38.28,1584
38.3,1660
38.32,1601
38.34,1546
38.36,1554
38.38,1585
38.4,1586
38.42,1644
38.44,1485
38.46,1539
38.48,1507
38.5,1522
38.52,1496
38.54,1589
38.56,1581
38.58,1566
38.6,1604
38.62,1541
38.64,1569
38.66,1626
38.68,1653
38.7,1618
38.72,1650
38.74,1574
38.76,1611
38.78,1628
38.8,1642
38.82,1607
38.84,1597
38.86,1638
38.88,1566
38.9,1526
38.92,1586
38.94,1525
38.96,1600
38.98,1553
39,1488
39.02,1505
39.04,1567
39.06,1532
39.08,1476
39.1,1537
39.12,1514
39.14,1527
39.16,1561
39.18,1517
39.2,1616
39.22,1588
39.24,1594
39.26,1558
39.28,1565
39.3,1560
39.32,1576
39.34,1588
39.36,1615
39.38,1615
39.4,1580
39.42,1615
39.44,1571
39.46,1549
39.48,1569
39.5,1552
39.52,1556
39.54,1552
39.56,1591
39.58,1564
39.6,1574
39.62,1615
39.64,1625
39.66,1591
39.68,1577
39.7,1572
39.72,1591
39.74,1537
39.76,1566
39.78,1549
39.8,1590
39.82,1589
39.84,1658
39.86,1654
39.88,1622
39.9,1621
39.92,1628
39.94,1611
39.96,1677
39.98,1681
40,1712
40.02,1750
40.04,1697
40.06,1708
40.08,1717
40.1,1681
40.12,1779
40.14,1736
40.16,1780
40.18,1793
40.2,1849
40.22,1840
40.24,1862
40.26,1987
40.28,2081
40.3,2095
40.32,2302
40.34,2312
40.36,2440
40.38,2762
40.4,3055
40.42,3543
40.44,4357
40.46,5769
40.48,7724
40.5,10104
40.52,12021
40.54,12762
40.56,11755
40.58,10704
40.6,9835
40.62,9143
40.64,8332
40.66,7349
40.68,6223
40.7,5153
40.72,4304
40.74,3645
40.76,3371
40.78,3290
40.8,3341
40.82,3726
40.84,4382
40.86,5356
40.88,6885
40.9,9076
40.92,11220
40.94,12282
40.96,11894
40.98,11098
41,11323
41.02,12224
41.04,13797
41.06,14548
41.08,14212
41.1,12414
41.12,10195
41.14,8533
41.16,7622
41.18,7178
41.2,6529
41.22,5311
41.24,4313
41.26,3535
41.28,2908
41.3,2559
41.32,2389
41.34,2384
41.36,2187
41.38,2264
41.4,2057
41.42,2084
41.44,2032
41.46,1924
41.48,1887
41.5,1920
41.52,1823
41.54,1789
41.56,1828
41.58,1758
41.6,1663
41.62,1723
41.64,1602
41.66,1704
41.68,1713
41.7,1698
41.72,1663
41.74,1653
41.76,1600
41.78,1570
41.8,1608
41.82,1675
41.84,1606
41.86,1655
41.88,1562
41.9,1611
41.92,1584
41.94,1643
41.96,1526
41.98,1615
42,1609
42.02,1524
42.04,1585
42.06,1607
42.08,1631
42.1,1639
42.12,1536
42.14,1559
42.16,1589
42.18,1606
42.2,1556
42.22,1531
42.24,1565
42.26,1582
42.28,1600
42.3,1579
42.32,1607
42.34,1547
42.36,1559
42.38,1623
42.4,1603
42.42,1521
42.44,1578
42.46,1545
42.48,1602
42.5,1542
42.52,1614
42.54,1561
42.56,1577
42.58,1630
42.6,1519
42.62,1551
42.64,1620
42.66,1595
42.68,1578
42.7,1641
42.72,1541
42.74,1559
42.76,1519
42.78,1596
42.8,1535
42.82,1535
42.84,1576
42.86,1554
42.88,1511
42.9,1607
42.92,1477
42.94,1598
42.96,1562
42.98,1599
43,1523
43.02,1596
43.04,1585
43.06,1528
43.08,1534
43.1,1569
43.12,1551
43.14,1573
43.16,1548
43.18,1563
43.2,1533
43.22,1610
43.24,1543
43.26,1606
43.28,1587
43.3,1501
43.32,1587
43.34,1546
43.36,1571
43.38,1626
43.4,1628
43.42,1588
43.44,1586
43.46,1615
43.48,1563
43.5,1613
43.52,1665
43.54,1684
43.56,1768
43.58,1836
43.6,1961
43.62,2181
43.64,2503
43.66,2654
43.68,2836
43.7,2760
43.72,2713
43.74,2525
43.76,2405
43.78,2344
43.8,2290
43.82,2054
43.84,2043
43.86,2072
43.88,1769
43.9,1774
43.92,1784
43.94,1708
43.96,1741
43.98,1673
44,1667
44.02,1665
44.04,1642
44.06,1598
44.08,1616
44.1,1668
44.12,1658
44.14,1619
44.16,1610
44.18,1573
44.2,1688
44.22,1630
44.24,1714
44.26,1665
44.28,1678
44.3,1725
44.32,1757
44.34,1788
44.36,1753
44.38,1742
44.4,1855
44.42,1781
44.44,1782
44.46,1763
44.48,1722
44.5,1802
44.52,1776
44.54,1816
44.56,1801
44.58,1869
44.6,1836
44.62,1855
44.64,1838
44.66,1831
44.68,1798
44.7,1783
44.72,1855
44.74,1780
44.76,1743
44.78,1880
44.8,1865
44.82,1802
44.84,1795
44.86,1808
44.88,1824
44.9,1829
44.92,1813
44.94,1786
44.96,1776
44.98,1787
45,1792
45.02,1836
45.04,1814
45.06,1848
45.08,1827
45.1,1825
45.12,1795
45.14,1791
45.16,1814
45.18,1798
45.2,1795
45.22,1748
45.24,1791
45.26,1782
45.28,1725
45.3,1667
45.32,1671
45.34,1664
45.36,1707
45.38,1687
45.4,1666
45.42,1715
45.44,1690
45.46,1823
45.48,1735
45.5,1813
45.52,1754
45.54,1789
45.56,1964
45.58,2124
45.6,2413
45.62,2704
45.64,3330
45.66,3854
45.68,4319
45.7,4361
45.72,4140
45.74,3807
45.76,3524
45.78,3224
45.8,3165
45.82,3152
45.84,2929
45.86,2646
45.88,2295
45.9,2098
45.92,2002
45.94,1881
45.96,1862
45.98,1948
46,1792
46.02,1986
46.04,1917
46.06,1995
46.08,2141
46.1,2200
46.12,2362
46.14,2641
46.16,2855
46.18,2996
46.2,2990
46.22,2727
46.24,2464
46.26,2397
46.28,2388
46.3,2421
46.32,2223
46.34,2126
46.36,2027
46.38,1796
46.4,1666
46.42,1688
46.44,1728
46.46,1585
46.48,1566
46.5,1568
46.52,1612
46.54,1576
46.56,1640
46.58,1596
46.6,1626
46.62,1596
46.64,1637
46.66,1591
46.68,1614
46.7,1615
46.72,1639
46.74,1583
46.76,1573
46.78,1628
46.8,1620
46.82,1587
46.84,1571
46.86,1613
46.88,1574
46.9,1604
46.92,1570
46.94,1632
46.96,1563
46.98,1594
47,1579
47.02,1599
47.04,1603
47.06,1573
47.08,1593
47.1,1505
47.12,1585
47.14,1576
47.16,1601
47.18,1537
47.2,1616
47.22,1582
47.24,1579
47.26,1553
47.28,1578
47.3,1593
47.32,1611
47.34,1647
47.36,1528
47.38,1568
47.4,1523
47.42,1537
47.44,1532
47.46,1552
47.48,1503
47.5,1610
47.52,1557
47.54,1545
47.56,1580
47.58,1622
47.6,1604
47.62,1519
47.64,1533
47.66,1522
47.68,1588
47.7,1626
47.72,1560
47.74,1593
47.76,1621
47.78,1524
47.8,1595
47.82,1595
47.84,1678
47.86,1645
47.88,1670
47.9,1658
47.92,1701
47.94,1718
47.96,1735
47.98,1712
48,1950
48.02,2101
48.04,2357
48.06,2766
48.08,3009
48.1,3064
48.12,3038
48.14,2866
48.16,2555
48.18,2451
48.2,2419
48.22,2463
48.24,2400
48.26,2248
48.28,2069
48.3,1879
48.32,1785
48.34,1763
48.36,1727
48.38,1705
48.4,1703
48.42,1712
48.44,1645
48.46,1580
48.48,1642
48.5,1604
48.52,1588
48.54,1584
48.56,1562
48.58,1579
48.6,1541
48.62,1541
48.64,1587
48.66,1541
48.68,1520
48.7,1515
48.72,1592
48.74,1594
48.76,1578
48.78,1600
48.8,1576
48.82,1547
48.84,1590
48.86,1521
48.88,1506
48.9,1581
48.92,1575
48.94,1595
48.96,1562
48.98,1543
49,1536
49.02,1553
49.04,1503
49.06,1531
49.08,1472
49.1,1598
49.12,1572
49.14,1532
49.16,1489
49.18,1555
49.2,1454
49.22,1605
49.24,1538
49.26,1549
49.28,1532
49.3,1580
49.32,1501
49.34,1566
49.36,1523
49.38,1588
49.4,1593
49.42,1587
49.44,1609
49.46,1518
49.48,1505
49.5,1602
49.52,1599
49.54,1581
49.56,1571
49.58,1611
49.6,1534
49.62,1622
49.64,1541
49.66,1530
49.68,1523
49.7,1562
49.72,1530
49.74,1616
49.76,1605
49.78,1684
49.8,1588
49.82,1544
49.84,1564
49.86,1584
49.88,1576
49.9,1606
49.92,1534
49.94,1527
49.96,1539
49.98,1545
50,1515
50.02,1541
50.04,1577
50.06,1534
50.08,1578
50.1,1518
50.12,1560
50.14,1547
50.16,1519
50.18,1548
50.2,1543
50.22,1567
50.24,1509
50.26,1535
50.28,1503
50.3,1562
50.32,1529
50.34,1561
50.36,1509
50.38,1548
50.4,1501
50.42,1598
50.44,1612
50.46,1594
50.48,1527
50.5,1514
50.52,1589
50.54,1560
50.56,1529
50.58,1553
50.6,1540
50.62,1517
50.64,1578
50.66,1543
50.68,1630
50.7,1560
50.72,1550
50.74,1550
50.76,1568
50.78,1551
50.8,1495
50.82,1618
50.84,1599
50.86,1624
50.88,1633
50.9,1617
50.92,1615
50.94,1527
50.96,1576
50.98,1676
51,1550
51.02,1508
51.04,1604
51.06,1552
51.08,1562
51.1,1593
51.12,1524
51.14,1590
51.16,1510
51.18,1597
51.2,1609
51.22,1554
51.24,1558
51.26,1552
51.28,1567
51.3,1597
51.32,1549
51.34,1579
51.36,1561
51.38,1561
51.4,1513
51.42,1499
51.44,1590
51.46,1493
51.48,1501
51.5,1578
51.52,1592
51.54,1642
51.56,1548
51.58,1558
51.6,1650
51.62,1559
51.64,1615
51.66,1610
51.68,1573
51.7,1519
51.72,1555
51.74,1559
51.76,1605
51.78,1560
51.8,1529
51.82,1548
51.84,1614
51.86,1631
51.88,1561
51.9,1541
51.92,1566
51.94,1563
51.96,1611
51.98,1552
52,1602
52.02,1565
52.04,1629
52.06,1539
52.08,1588
52.1,1543
52.12,1518
52.14,1558
52.16,1600
52.18,1638
52.2,1605
52.22,1558
52.24,1551
52.26,1726
52.28,1598
52.3,1638
52.32,1690
52.34,1694
52.36,1606
52.38,1700
52.4,1680
52.42,1587
52.44,1554
52.46,1685
52.48,1638
52.5,1723
52.52,1592
52.54,1651
52.56,1573
52.58,1559
52.6,1498
52.62,1640
52.64,1525
52.66,1599
52.68,1558
52.7,1642
52.72,1548
52.74,1625
52.76,1608
52.78,1704
52.8,1629
52.82,1599
52.84,1640
52.86,1705
52.88,1647
52.9,1647
52.92,1588
52.94,1670
52.96,1566
52.98,1685
53,1639
53.02,1783
53.04,1838
53.06,2010
53.08,2234
53.1,2329
53.12,2369
53.14,2288
53.16,2095
53.18,2008
53.2,2009
53.22,1966
53.24,2065
53.26,1978
53.28,1877
53.3,1827
53.32,1833
53.34,1787
53.36,1690
53.38,1674
53.4,1661
53.42,1682
53.44,1615
53.46,1584
53.48,1696
53.5,1563
53.52,1643
53.54,1675
53.56,1568
53.58,1579
53.6,1602
53.62,1544
53.64,1582
53.66,1650
53.68,1620
53.7,1637
53.72,1525
53.74,1539
53.76,1606
53.78,1559
53.8,1555
53.82,1495
53.84,1625
53.86,1579
53.88,1557
53.9,1595
53.92,1576
53.94,1501
53.96,1578
53.98,1621
54,1593
54.02,1637
54.04,1525
54.06,1608
54.08,1629
54.1,1546
54.12,1553
54.14,1603
54.16,1604
54.18,1669
54.2,1608
54.22,1674
54.24,1717
54.26,1733
54.28,1793
54.3,1893
54.32,1887
54.34,1881
54.36,1745
54.38,1732
54.4,1724
54.42,1737
54.44,1711
54.46,1671
54.48,1754
54.5,1707
54.52,1677
54.54,1648
54.56,1644
54.58,1705
54.6,1651
54.62,1628
54.64,1590
54.66,1628
54.68,1610
54.7,1651
54.72,1636
54.74,1641
54.76,1667
54.78,1672
54.8,1577
54.82,1644
54.84,1639
54.86,1654
54.88,1644
54.9,1607
54.92,1690
54.94,1670
54.96,1639
54.98,1677
55,1641
55.02,1681
55.04,1717
55.06,1743
55.08,1780
55.1,1931
55.12,2132
55.14,2349
55.16,2576
55.18,2645
55.2,2627
55.22,2467
55.24,2198
55.26,2097
55.28,2091
55.3,2093
55.32,2169
55.34,2074
55.36,1957
55.38,1801
55.4,1737
55.42,1801
55.44,1703
55.46,1670
55.48,1566
55.5,1674
55.52,1586
55.54,1608
55.56,1545
55.58,1571
55.6,1598
55.62,1622
55.64,1575
55.66,1661
55.68,1576
55.7,1551
55.72,1527
55.74,1589
55.76,1619
55.78,1567
55.8,1590
55.82,1560
55.84,1634
55.86,1587
55.88,1523
55.9,1564
55.92,1532
55.94,1585
55.96,1608
55.98,1565
56,1631
56.02,1553
56.04,1615
56.06,1515
56.08,1648
56.1,1611
56.12,1593
56.14,1538
56.16,1604
56.18,1587
56.2,1599
56.22,1574
56.24,1612
56.26,1640
56.28,1622
56.3,1693
56.32,1593
56.34,1594
56.36,1621
56.38,1677
56.4,1660
56.42,1656
56.44,1591
56.46,1621
56.48,1602
56.5,1606
56.52,1647
56.54,1666
56.56,1619
56.58,1581
56.6,1560
56.62,1611
56.64,1588
56.66,1628
56.68,1631
56.7,1559
56.72,1597
56.74,1617
56.76,1602
56.78,1616
56.8,1534
56.82,1659
56.84,1630
56.86,1732
56.88,1768
56.9,1793
56.92,1991
56.94,2065
56.96,2174
56.98,2315
57,2282
57.02,2242
57.04,2209
57.06,2009
57.08,1874
57.1,1879
57.12,1961
57.14,1987
57.16,1922
57.18,1896
57.2,1814
57.22,1741
57.24,1645
57.26,1608
57.28,1667
57.3,1603
57.32,1530
57.34,1509
57.36,1532
57.38,1610
57.4,1621
57.42,1587
57.44,1621
57.46,1607
57.48,1609
57.5,1614
57.52,1618
57.54,1598
57.56,1496
57.58,1668
57.6,1547
57.62,1607
57.64,1586
57.66,1560
57.68,1633
57.7,1597
57.72,1596
57.74,1580
57.76,1621
57.78,1574
57.8,1566
57.82,1538
57.84,1603
57.86,1599
57.88,1543
57.9,1567
57.92,1599
57.94,1600
57.96,1608
57.98,1569
58,1626
58.02,1612
58.04,1651
58.06,1546
58.08,1678
58.1,1568
58.12,1641
58.14,1646
58.16,1675
58.18,1707
58.2,1706
58.22,1679
58.24,1681
58.26,1719
58.28,1687
58.3,1667
58.32,1759
58.34,1801
58.36,1804
58.38,1743
58.4,1762
58.42,1819
58.44,1840
58.46,1847
58.48,2103
58.5,2215
58.52,2297
58.54,2318
58.56,2330
58.58,2264
58.6,2136
58.62,2124
58.64,2052
58.66,2090
58.68,2132
58.7,2111
58.72,2033
58.74,2060
58.76,2032
58.78,1958
58.8,1882
58.82,1932
58.84,1896
58.86,1948
58.88,2029
58.9,1986
58.92,2083
58.94,2249
58.96,2375
58.98,2869
59,3390
59.02,4008
59.04,4567
59.06,4981
59.08,4852
59.1,4439
59.12,3935
59.14,3508
59.16,3232
59.18,3328
59.2,3369
59.22,3416
59.24,3532
59.26,3231
59.28,3103
59.3,2813
59.32,2789
59.34,2756
59.36,2801
59.38,2820
59.4,2979
59.42,3036
59.44,3240
59.46,3275
59.48,3218
59.5,3049
59.52,2935
59.54,2722
59.56,2564
59.58,2459
59.6,2566
59.62,2407
59.64,2347
59.66,2225
59.68,2166
59.7,1978
59.72,1949
59.74,1837
59.76,1800
59.78,1775
59.8,1667
59.82,1734
59.84,1708
59.86,1668
59.88,1678
59.9,1670
59.92,1676
59.94,1623
59.96,1602
59.98,1670
60,1627
60.02,1650
60.04,1699
60.06,1673
60.08,1691
60.1,1686
60.12,1654
60.14,1694
60.16,1585
60.18,1638
60.2,1725
60.22,1656
60.24,1621
60.26,1656
60.28,1663
60.3,1745
60.32,1611
60.34,1735
60.36,1623
60.38,1699
60.4,1620
60.42,1625
60.44,1563
60.46,1575
60.48,1566
60.5,1669
60.52,1648
60.54,1676
60.56,1681
60.58,1692
60.6,1585
60.62,1632
60.64,1687
60.66,1696
60.68,1634
60.7,1626
60.72,1629
60.74,1609
60.76,1589
60.78,1543
60.8,1573
60.82,1635
60.84,1496
60.86,1617
60.88,1596
60.9,1564
60.92,1561
60.94,1614
60.96,1588
60.98,1620
61,1634
61.02,1636
61.04,1563
61.06,1496
61.08,1589
61.1,1630
61.12,1593
61.14,1630
61.16,1621
61.18,1586
61.2,1596
61.22,1666
61.24,1692
61.26,1680
61.28,1643
61.3,1559
61.32,1620
61.34,1657
61.36,1716
61.38,1763
61.4,1847
61.42,1988
61.44,2030
61.46,2213
61.48,2322
61.5,2361
61.52,2263
61.54,2089
61.56,1974
61.58,1886
61.6,1973
61.62,1920
61.64,1953
61.66,1987
61.68,1831
61.7,1878
61.72,1776
61.74,1707
61.76,1664
61.78,1582
61.8,1611
61.82,1634
61.84,1591
61.86,1588
61.88,1683
61.9,1544
61.92,1665
61.94,1571
61.96,1676
61.98,1597
62,1619
62.02,1576
62.04,1609
62.06,1553
62.08,1587
62.1,1579
62.12,1641
62.14,1606
62.16,1628
62.18,1630
62.2,1613
62.22,1586
62.24,1635
62.26,1622
62.28,1574
62.3,1588
62.32,1624
62.34,1609
62.36,1587
62.38,1583
62.4,1669
62.42,1635
62.44,1694
62.46,1705
62.48,1839
62.5,1880
62.52,1916
62.54,2010
62.56,2198
62.58,2280
62.6,2264
62.62,2251
62.64,2206
62.66,1987
62.68,1857
62.7,1937
62.72,2019
62.74,1985
62.76,2006
62.78,1939
62.8,2021
62.82,1790
62.84,1812
62.86,1816
62.88,1717
62.9,1686
62.92,1639
62.94,1652
62.96,1648
62.98,1616
63,1630
63.02,1727
63.04,1644
63.06,1608
63.08,1586
63.1,1686
63.12,1560
63.14,1617
63.16,1571
63.18,1596
63.2,1585
63.22,1592
63.24,1650
63.26,1606
63.28,1595
63.3,1611
63.32,1634
63.34,1584
63.36,1621
63.38,1629
63.4,1606
63.42,1585
63.44,1611
63.46,1603
63.48,1635
63.5,1600
63.52,1666
63.54,1566
63.56,1582
63.58,1566
63.6,1573
63.62,1588
63.64,1552
63.66,1660
63.68,1574
63.7,1612
63.72,1650
63.74,1637
63.76,1642
63.78,1589
63.8,1690
63.82,1577
63.84,1558
63.86,1599
63.88,1667
63.9,1678
63.92,1563
63.94,1562
63.96,1534
63.98,1602
64,1593
64.02,1599
64.04,1619
64.06,1562
64.08,1643
64.1,1643
64.12,1631
64.14,1601
64.16,1627
64.18,1662
64.2,1744
64.22,1619
64.24,1656
64.26,1639
64.28,1621
64.3,1658
64.32,1644
64.34,1675
64.36,1582
64.38,1614
64.4,1656
64.42,1685
64.44,1658
64.46,1643
64.48,1739
64.5,1789
64.52,1830
64.54,1743
64.56,1709
64.58,1742
64.6,1698
64.62,1701
64.64,1653
64.66,1725
64.68,1728
64.7,1688
64.72,1738
64.74,1700
64.76,1675
64.78,1643
64.8,1695
64.82,1646
64.84,1678
64.86,1683
64.88,1705
64.9,1719
64.92,1754
64.94,1795
64.96,1898
64.98,2030
65,2167
65.02,2427
65.04,2503
65.06,2262
65.08,2274
65.1,2084
65.12,2125
65.14,2077
65.16,1966
65.18,1996
65.2,2082
65.22,2056
65.24,1978
65.26,2059
65.28,1939
65.3,1810
65.32,1762
65.34,1734
65.36,1761
65.38,1667
65.4,1716
65.42,1693
65.44,1644
65.46,1616
65.48,1618
65.5,1669
65.52,1653
65.54,1646
65.56,1547
65.58,1641
65.6,1617
65.62,1668
65.64,1722
65.66,1641
65.68,1568
65.7,1629
65.72,1653
65.74,1645
65.76,1653
65.78,1572
65.8,1646
65.82,1608
65.84,1627
65.86,1653
65.88,1617
65.9,1684
65.92,1655
65.94,1655
65.96,1614
65.98,1620
66,1688
66.02,1615
66.04,1660
66.06,1619
66.08,1570
66.1,1632
66.12,1716
66.14,1655
66.16,1619
66.18,1617
66.2,1673
66.22,1712
66.24,1691
66.26,1712
66.28,1727
66.3,1726
66.32,1761
66.34,1819
66.36,1861
66.38,1985
66.4,2250
66.42,2502
66.44,2882
66.46,3176
66.48,3486
66.5,3494
66.52,3297
66.54,2900
66.56,2615
66.58,2465
66.6,2354
66.62,2472
66.64,2423
66.66,2539
66.68,2545
66.7,2538
66.72,2374
66.74,2175
66.76,2098
66.78,1914
66.8,1883
66.82,1831
66.84,1727
66.86,1743
66.88,1735
66.9,1747
66.92,1810
66.94,1823
66.96,1826
66.98,1870
67,1894
67.02,1946
67.04,1850
67.06,1924
67.08,1882
67.1,1913
67.12,1924
67.14,2030
67.16,1972
67.18,2255
67.2,2313
67.22,2577
67.24,2893
67.26,2922
67.28,2984
67.3,2939
67.32,3044
67.34,2958
67.36,3073
67.38,2930
67.4,2814
67.42,2700
67.44,2510
67.46,2504
67.48,2436
67.5,2392
67.52,2363
67.54,2335
67.56,2187
67.58,2068
67.6,2037
67.62,1855
67.64,1887
67.66,1821
67.68,1727
67.7,1742
67.72,1765
67.74,1710
67.76,1619
67.78,1660
67.8,1681
67.82,1680
67.84,1686
67.86,1674
67.88,1614
67.9,1633
67.92,1651
67.94,1628
67.96,1652
67.98,1655
68,1624
68.02,1623
68.04,1589
68.06,1670
68.08,1684
68.1,1556
68.12,1547
68.14,1536
68.16,1619
68.18,1690
68.2,1656
68.22,1562
68.24,1584
68.26,1588
68.28,1638
68.3,1604
68.32,1579
68.34,1583
68.36,1613
68.38,1606
68.4,1633
68.42,1575
68.44,1646
68.46,1594
68.48,1625
68.5,1523
68.52,1577
68.54,1591
68.56,1658
68.58,1658
68.6,1551
68.62,1640
68.64,1621
68.66,1585
68.68,1625
68.7,1545
68.72,1634
68.74,1647
68.76,1618
68.78,1639
68.8,1590
68.82,1628
68.84,1543
68.86,1595
68.88,1527
68.9,1563
68.92,1613
68.94,1688
68.96,1618
68.98,1631
69,1572
69.02,1607
69.04,1592
69.06,1583
69.08,1596
69.1,1635
69.12,1550
69.14,1616
69.16,1649
69.18,1624
69.2,1600
69.22,1583
69.24,1641
69.26,1595
69.28,1653
69.3,1562
69.32,1608
69.34,1601
69.36,1609
69.38,1570
69.4,1542
69.42,1613
69.44,1634
69.46,1654
69.48,1594
69.5,1617
69.52,1656
69.54,1540
69.56,1577
69.58,1609
69.6,1535
69.62,1681
69.64,1592
69.66,1633
69.68,1640
69.7,1658
69.72,1636
69.74,1603
69.76,1652
69.78,1644
69.8,1586
69.82,1579
69.84,1541
69.86,1641
69.88,1601
69.9,1618
69.92,1661
69.94,1566
69.96,1568
69.98,1600
70,1584
70.02,1574
70.04,1567
70.06,1606
70.08,1573
70.1,1696
70.12,1638
70.14,1615
70.16,1711
70.18,1701
70.2,1627
70.22,1671
70.24,1672
70.26,1678
70.28,1688
70.3,1724
70.32,1766
70.34,1700
70.36,1646
70.38,1702
70.4,1577
70.42,1625
70.44,1665
70.46,1654
70.48,1627
70.5,1676
70.52,1666
70.54,1724
70.56,1618
70.58,1663
70.6,1664
70.62,1676
70.64,1673
70.66,1669
70.68,1602
70.7,1670
70.72,1716
70.74,1639
70.76,1603
70.78,1721
70.8,1653
70.82,1621
70.84,1594
70.86,1697
70.88,1665
70.9,1648
70.92,1696
70.94,1651
70.96,1578
70.98,1633
71,1670
71.02,1705
71.04,1686
71.06,1667
71.08,1716
71.1,1621
71.12,1668
71.14,1634
71.16,1579
71.18,1620
71.2,1649
71.22,1621
71.24,1629
71.26,1616
71.28,1627
71.3,1634
71.32,1633
71.34,1681
71.36,1684
71.38,1675
71.4,1563
71.42,1629
71.44,1627
71.46,1576
71.48,1630
71.5,1619
71.52,1577
71.54,1660
71.56,1557
71.58,1590
71.6,1643
71.62,1640
71.64,1591
71.66,1639
71.68,1632
71.7,1587
71.72,1618
71.74,1624
71.76,1631
71.78,1515
71.8,1556
71.82,1663
71.84,1656
71.86,1606
71.88,1625
71.9,1673
71.92,1630
71.94,1564
71.96,1604
71.98,1612
72,1668
72.02,1627
72.04,1663
72.06,1580
72.08,1665
72.1,1602
72.12,1649
72.14,1668
72.16,1624
72.18,1590
72.2,1703
72.22,1654
72.24,1664
72.26,1671
72.28,1675
72.3,1729
72.32,1711
72.34,1723
72.36,1646
72.38,1739
72.4,1644
72.42,1735
72.44,1802
72.46,1712
72.48,1785
72.5,1830
72.52,1995
72.54,2060
72.56,2232
72.58,2338
72.6,2342
72.62,2345
72.64,2192
72.66,2106
72.68,2002
72.7,1973
72.72,1834
72.74,1840
72.76,2019
72.78,2017
72.8,1979
72.82,2002
72.84,2012
72.86,1899
72.88,1913
72.9,1769
72.92,1808
72.94,1739
72.96,1715
72.98,1689
73,1736
73.02,1656
73.04,1749
73.06,1715
73.08,1715
73.1,1795
73.12,1681
73.14,1697
73.16,1736
73.18,1790
73.2,1748
73.22,1972
73.24,1959
73.26,2121
73.28,2279
73.3,2545
73.32,2710
73.34,2851
73.36,2766
73.38,2492
73.4,2270
73.42,2087
73.44,2002
73.46,1962
73.48,2045
73.5,2161
73.52,2162
73.54,2289
73.56,2225
73.58,2210
73.6,2017
73.62,1915
73.64,1859
73.66,1814
73.68,1803
73.7,1788
73.72,1747
73.74,1726
73.76,1753
73.78,1729
73.8,1746
73.82,1745
73.84,1760
73.86,1808
73.88,1875
73.9,1796
73.92,1751
73.94,1808
73.96,1761
73.98,1784
74,1777
74.02,1830
74.04,1801
74.06,1796
74.08,1812
74.1,1740
74.12,1779
74.14,1754
74.16,1764
74.18,1754
74.2,1807
74.22,1743
74.24,1846
74.26,1855
74.28,1967
74.3,2044
74.32,2097
74.34,2287
74.36,2584
74.38,2803
74.4,3112
74.42,3375
74.44,3510
74.46,3439
74.48,3260
74.5,2953
74.52,2774
74.54,2657
74.56,2674
74.58,2621
74.6,2807
74.62,3112
74.64,3180
74.66,3561
74.68,3719
74.7,3650
74.72,3472
74.74,3249
74.76,3000
74.78,2689
74.8,2440
74.82,2308
74.84,2293
74.86,2313
74.88,2418
74.9,2385
74.92,2425
74.94,2381
74.96,2297
74.98,2269
75,1969
75.02,1941
75.04,1883
75.06,1922
75.08,1754
75.1,1917
75.12,1855
75.14,1803
75.16,1767
75.18,1730
75.2,1833
75.22,1811
75.24,1809
75.26,1793
75.28,1782
75.3,1774
75.32,1884
75.34,1883
75.36,1794
75.38,1768
75.4,1717
75.42,1749
75.44,1763
75.46,1675
75.48,1703
75.5,1666
75.52,1698
75.54,1748
75.56,1680
75.58,1718
75.6,1742
75.62,1759
75.64,1724
75.66,1670
75.68,1648
75.7,1641
75.72,1598
75.74,1619
75.76,1632
75.78,1632
75.8,1727
75.82,1663
75.84,1607
75.86,1703
75.88,1632
75.9,1643
75.92,1576
75.94,1643
75.96,1637
75.98,1675
76,1636
76.02,1616
76.04,1671
76.06,1660
76.08,1629
76.1,1639
76.12,1657
76.14,1593
76.16,1582
76.18,1693
76.2,1669
76.22,1727
76.24,1699
76.26,1739
76.28,1706
76.3,1690
76.32,1650
76.34,1619
76.36,1650
76.38,1670
76.4,1689
76.42,1684
76.44,1644
76.46,1752
76.48,1728
76.5,1743
76.52,1729
76.54,1841
76.56,1820
76.58,1790
76.6,1810
76.62,1917
76.64,1960
76.66,1893
76.68,1787
76.7,1850
76.72,1734
76.74,1729
76.76,1767
76.78,1715
76.8,1781
76.82,1822
76.84,1785
76.86,1838
76.88,1789
76.9,1823
76.92,1842
76.94,1776
76.96,1800
76.98,1861
77,1840
77.02,1857
77.04,1838
77.06,1901
77.08,1811
77.1,1731
77.12,1773
77.14,1700
77.16,1758
77.18,1754
77.2,1693
77.22,1686
77.24,1829
77.26,1728
77.28,1773
77.3,1664
77.32,1743
77.34,1709
77.36,1668
77.38,1820
77.4,1782
77.42,1719
77.44,1684
77.46,1751
77.48,1790
77.5,1768
77.52,1786
77.54,1936
77.56,1858
77.58,2001
77.6,2045
77.62,2044
77.64,1994
77.66,1871
77.68,1880
77.7,1894
77.72,1849
77.74,1820
77.76,1827
77.78,1740
77.8,1863
77.82,1893
77.84,1856
77.86,1869
77.88,1891
77.9,1834
77.92,1854
77.94,1801
77.96,1680
77.98,1762
78,1903
78.02,1888
78.04,2018
78.06,1895
78.08,1890
78.1,1962
78.12,1875
78.14,1836
78.16,1676
78.18,1754
78.2,1787
78.22,1799
78.24,1859
78.26,1833
78.28,1881
78.3,2017
78.32,1877
78.34,1946
78.36,1892
78.38,1821
78.4,1850
78.42,1745
78.44,1746
78.46,1700
78.48,1652
78.5,1711
78.52,1816
78.54,1688
78.56,1649
78.58,1788
78.6,1619
78.62,1723
78.64,1693
78.66,1680
78.68,1676
78.7,1640
78.72,1649
78.74,1736
78.76,1617
78.78,1695
78.8,1632
78.82,1597
78.84,1636
78.86,1570
78.88,1671
78.9,1691
78.92,1681
78.94,1601
78.96,1657
78.98,1626
79,1591
79.02,1662
79.04,1639
79.06,1611
79.08,1660
79.1,1675
79.12,1709
79.14,1607
79.16,1648
79.18,1627
79.2,1601
79.22,1671
79.24,1651
79.26,1644
79.28,1633
79.3,1708
79.32,1658
79.34,1568
79.36,1675
79.38,1613
79.4,1643
79.42,1663
79.44,1599
79.46,1607
79.48,1552
79.5,1622
79.52,1620
79.54,1650
79.56,1699
79.58,1684
79.6,1609
79.62,1557
79.64,1660
79.66,1624
79.68,1721
79.7,1634
79.72,1678
79.74,1567
79.76,1616
79.78,1594
79.8,1607
79.82,1653
79.84,1617
79.86,1627
79.88,1677
79.9,1586
79.92,1684
79.94,1649
79.96,1733
79.98,1657
80,1640
80.02,1662
80.04,1701
80.06,1587
80.08,1616
80.1,1631
80.12,1647
80.14,1542
80.16,1697
80.18,1698
80.2,1668
80.22,1609
80.24,1689
80.26,1614
80.28,1655
80.3,1711
80.32,1647
80.34,1611
80.36,1669
80.38,1612
80.4,1714
80.42,1687
80.44,1725
80.46,1711
80.48,1740
80.5,1891
80.52,1843
80.54,1942
80.56,1976
80.58,2006
80.6,1823
80.62,1902
80.64,1846
80.66,1901
80.68,1869
80.7,1844
80.72,1850
80.74,1787
80.76,1871
80.78,1760
80.8,1836
80.82,1874
80.84,1826
80.86,1771
80.88,1789
80.9,1723
80.92,1759
80.94,1693
80.96,1680
80.98,1771
81,1693
81.02,1793
81.04,1756
81.06,1696
81.08,1741
81.1,1804
81.12,1805
81.14,1836
81.16,1842
81.18,1883
81.2,1892
81.22,1926
81.24,1737
81.26,1750
81.28,1732
81.3,1747
81.32,1746
81.34,1767
81.36,1785
81.38,1755
81.4,1830
81.42,1792
81.44,1737
81.46,1751
81.48,1757
81.5,1798
81.52,1673
81.54,1668
81.56,1666
81.58,1712
81.6,1718
81.62,1696
81.64,1671
81.66,1709
81.68,1733
81.7,1689
81.72,1632
81.74,1784
81.76,1737
81.78,1863
81.8,1799
81.82,1947
81.84,1884
81.86,1923
81.88,2048
81.9,2063
81.92,2036
81.94,2059
81.96,2013
81.98,1863
82,1846
82.02,1824
82.04,1762
82.06,1919
82.08,1803
82.1,1847
82.12,1854
82.14,1856
82.16,1881
82.18,1908
82.2,1838
82.22,1784
82.24,1862
82.26,1851
82.28,1844
82.3,1859
82.32,1907
82.34,2005
82.36,1890
82.38,1842
82.4,1786
82.42,1837
82.44,1810
82.46,1764
82.48,1684
82.5,1733
82.52,1762
82.54,1767
82.56,1783
82.58,1799
82.6,1750
82.62,1794
82.64,1716
82.66,1759
82.68,1772
82.7,1679
82.72,1677
82.74,1644
82.76,1663
82.78,1636
82.8,1680
82.82,1681
82.84,1621
82.86,1680
82.88,1640
82.9,1624
82.92,1642
82.94,1734
82.96,1657
82.98,1626
83,1688
83.02,1667
83.04,1620
83.06,1613
83.08,1706
83.1,1627
83.12,1666
83.14,1547
83.16,1600
83.18,1606
83.2,1658
83.22,1670
83.24,1567
83.26,1670
83.28,1735
83.3,1600
83.32,1551
83.34,1604
83.36,1760
83.38,1611
83.4,1630
83.42,1635
83.44,1662
83.46,1589
83.48,1646
83.5,1695
83.52,1618
83.54,1618
83.56,1656
83.58,1648
83.6,1595
83.62,1646
83.64,1633
83.66,1638
83.68,1632
83.7,1611
83.72,1644
83.74,1610
83.76,1662
83.78,1613
83.8,1653
83.82,1658
83.84,1708
83.86,1694
83.88,1578
83.9,1620
83.92,1660
83.94,1665
83.96,1623
83.98,1645
84,1725
84.02,1617
84.04,1553
84.06,1603
84.08,1669
84.1,1584
84.12,1617
84.14,1656
84.16,1660
84.18,1633
84.2,1642
84.22,1598
84.24,1595
84.26,1600
84.28,1629
84.3,1588
84.32,1620
84.34,1581
84.36,1581
84.38,1624
84.4,1626
84.42,1559
84.44,1676
84.46,1683
84.48,1689
84.5,1629
84.52,1671
84.54,1630
84.56,1503
84.58,1699
84.6,1578
84.62,1636
84.64,1691
84.66,1674
84.68,1608
84.7,1752
84.72,1602
84.74,1635
84.76,1641
84.78,1600
84.8,1605
84.82,1644
84.84,1592
84.86,1638
84.88,1583
84.9,1640
84.92,1710
84.94,1595
84.96,1647
84.98,1656
85,1646
85.02,1641
85.04,1610
85.06,1728
85.08,1587
85.1,1698
85.12,1636
85.14,1542
85.16,1662
85.18,1657
85.2,1612
85.22,1629
85.24,1629
85.26,1602
85.28,1676
85.3,1570
85.32,1685
85.34,1689
85.36,1657
85.38,1566
85.4,1675
85.42,1621
85.44,1652
85.46,1605
85.48,1639
85.5,1656
85.52,1628
85.54,1669
85.56,1681
85.58,1631
85.6,1692
85.62,1644
85.64,1635
85.66,1626
85.68,1603
85.7,1621
85.72,1599
85.74,1665
85.76,1615
85.78,1627
85.8,1709
85.82,1640
85.84,1693
85.86,1665
85.88,1593
85.9,1595
85.92,1670
85.94,1670
85.96,1663
85.98,1698
86,1655
86.02,1605
86.04,1644
86.06,1631
86.08,1654
86.1,1671
86.12,1693
86.14,1654
86.16,1665
86.18,1682
86.2,1683
86.22,1652
86.24,1588
86.26,1629
86.28,1589
86.3,1642
86.32,1597
86.34,1648
86.36,1673
86.38,1625
86.4,1762
86.42,1643
86.44,1664
86.46,1659
86.48,1618
86.5,1708
86.52,1672
86.54,1710
86.56,1761
86.58,1570
86.6,1642
86.62,1667
86.64,1655
86.66,1666
86.68,1691
86.7,1733
86.72,1652
86.74,1688
86.76,1658
86.78,1644
86.8,1705
86.82,1729
86.84,1690
86.86,1734
86.88,1885
86.9,1859
86.92,1875
86.94,1907
86.96,1907
86.98,1835
87,1845
87.02,1782
87.04,1830
87.06,1752
87.08,1776
87.1,1694
87.12,1779
87.14,1761
87.16,1751
87.18,1832
87.2,1799
87.22,1800
87.24,1773
87.26,1732
87.28,1767
87.3,1724
87.32,1723
87.34,1745
87.36,1770
87.38,1800
87.4,1741
87.42,1724
87.44,1861
87.46,1757
87.48,1791
87.5,1901
87.52,1929
87.54,2035
87.56,2203
87.58,2334
87.6,2569
87.62,2750
87.64,2839
87.66,2761
87.68,2699
87.7,2386
87.72,2273
87.74,2107
87.76,2139
87.78,2037
87.8,1980
87.82,2036
87.84,2092
87.86,2063
87.88,2201
87.9,2284
87.92,2265
87.94,2285
87.96,2206
87.98,2030
88,2098
88.02,1878
88.04,1875
88.06,1796
88.08,1846
88.1,1836
88.12,1815
88.14,1919
88.16,1843
88.18,1877
88.2,1975
88.22,2111
88.24,2018
88.26,1970
88.28,2044
88.3,2062
88.32,1998
88.34,1921
88.36,1883
88.38,1906
88.4,1820
88.42,1940
88.44,1915
88.46,1961
88.48,1922
88.5,1994
88.52,2000
88.54,2071
88.56,2264
88.58,2305
88.6,2282
88.62,2469
88.64,2548
88.66,2700
88.68,2915
88.7,3107
88.72,3129
88.74,2894
88.76,2732
88.78,2512
88.8,2402
88.82,2230
88.84,2245
88.86,2263
88.88,2186
88.9,2422
88.92,2499
88.94,2588
88.96,2825
88.98,2910
89,2839
89.02,2840
89.04,2710
89.06,2746
89.08,2524
89.1,2493
89.12,2256
89.14,2199
89.16,2075
89.18,2024
89.2,2029
89.22,1989
89.24,1992
89.26,2023
89.28,2099
89.3,2121
89.32,2108
89.34,2060
89.36,2235
89.38,2163
89.4,2020
89.42,1995
89.44,1940
89.46,1855
89.48,1827
89.5,1861
89.52,1835
89.54,1807
89.56,1743
89.58,1725
89.6,1730
89.62,1814
89.64,1771
89.66,1806
89.68,1750
89.7,1774
89.72,1813
89.74,1779
89.76,1632
89.78,1731
89.8,1683
89.82,1764
89.84,1717
89.86,1717
89.88,1727
89.9,1733
89.92,1665
89.94,1735
89.96,1583
89.98,1660
90,1714
90.02,1743
90.04,1761
90.06,1705
90.08,1696
90.1,1696
90.12,1609
90.14,1696
90.16,1691
90.18,1701
90.2,1670
90.22,1612
90.24,1711
90.26,1728
90.28,1716
90.3,1578
90.32,1642
90.34,1673
90.36,1664
90.38,1723
90.4,1660
90.42,1663
90.44,1742
90.46,1677
90.48,1686
90.5,1626
90.52,1606
90.54,1628
90.56,1698
90.58,1661
90.6,1671
90.62,1600
90.64,1669
90.66,1722
90.68,1622
90.7,1689
90.72,1687
90.74,1679
90.76,1593
90.78,1688
90.8,1687
90.82,1657
90.84,1661
90.86,1665
90.88,1660
90.9,1614
90.92,1703
90.94,1667
90.96,1733
90.98,1657
91,1709
91.02,1618
91.04,1669
91.06,1704
91.08,1787
91.1,1774
91.12,1821
91.14,1851
91.16,1776
91.18,1847
91.2,1779
91.22,1788
91.24,1732
91.26,1814
91.28,1702
91.3,1642
91.32,1742
91.34,1787
91.36,1683
91.38,1696
91.4,1700
91.42,1790
91.44,1693
91.46,1688
91.48,1708
91.5,1701
91.52,1694
91.54,1737
91.56,1730
91.58,1693
91.6,1790
91.62,1693
91.64,1678
91.66,1640
91.68,1711
91.7,1672
91.72,1709
91.74,1715
91.76,1693
91.78,1719
91.8,1695
91.82,1706
91.84,1708
91.86,1699
91.88,1685
91.9,1640
91.92,1681
91.94,1708
91.96,1673
91.98,1723
92,1728
92.02,1728
92.04,1658
92.06,1647
92.08,1705
92.1,1668
92.12,1627
92.14,1708
92.16,1711
92.18,1683
92.2,1731
92.22,1664
92.24,1650
92.26,1675
92.28,1704
92.3,1718
92.32,1695
92.34,1756
92.36,1696
92.38,1737
92.4,1812
92.42,1722
92.44,1763
92.46,1772
92.48,1759
92.5,1829
92.52,1728
92.54,1785
92.56,1807
92.58,1788
92.6,1782
92.62,1800
92.64,1674
92.66,1753
92.68,1743
92.7,1768
92.72,1691
92.74,1736
92.76,1773
92.78,1704
92.8,1799
92.82,1746
92.84,1772
92.86,1769
92.88,1783
92.9,1646
92.92,1768
92.94,1717
92.96,1638
92.98,1601
93,1717
93.02,1662
93.04,1695
93.06,1636
93.08,1568
93.1,1631
93.12,1661
93.14,1683
93.16,1696
93.18,1642
93.2,1689
93.22,1719
93.24,1672
93.26,1620
93.28,1671
93.3,1685
93.32,1637
93.34,1635
93.36,1694
93.38,1669
93.4,1665
93.42,1718
93.44,1663
93.46,1638
93.48,1734
93.5,1713
93.52,1663
93.54,1754
93.56,1624
93.58,1720
93.6,1718
93.62,1758
93.64,1672
93.66,1718
93.68,1692
93.7,1783
93.72,1729
93.74,1762
93.76,1804
93.78,1747
93.8,1825
93.82,1835
93.84,1783
93.86,1749
93.88,1777
93.9,1731
93.92,1755
93.94,1795
93.96,1812
93.98,1718
94,1718
94.02,1784
94.04,1737
94.06,1783
94.08,1796
94.1,1784
94.12,1748
94.14,1683
94.16,1720
94.18,1722
94.2,1653
94.22,1682
94.24,1791
94.26,1733
94.28,1708
94.3,1686
94.32,1773
94.34,1720
94.36,1768
94.38,1598
94.4,1574
94.42,1751
94.44,1751
94.46,1637
94.48,1677
94.5,1700
94.52,1607
94.54,1648
94.56,1669
94.58,1682
94.6,1691
94.62,1616
94.64,1693
94.66,1736
94.68,1640
94.7,1664
94.72,1699
94.74,1692
94.76,1682
94.78,1708
94.8,1692
94.82,1668
94.84,1598
94.86,1676
94.88,1692
94.9,1724
94.92,1708
94.94,1746
94.96,1654
94.98,1670
95,1738
95.02,1709
95.04,1719
95.06,1777
95.08,1767
95.1,1716
95.12,1764
95.14,1742
95.16,1727
95.18,1797
95.2,1874
95.22,1889
95.24,2005
95.26,2044
95.28,2111
95.3,2218
95.32,2204
95.34,2189
95.36,2085
95.38,2066
95.4,1950
95.42,1965
95.44,1932
95.46,1922
95.48,1830
95.5,1941
95.52,1866
95.54,1842
95.56,1906
95.58,1912
95.6,2024
95.62,2032
95.64,2006
95.66,1924
95.68,1971
95.7,1881
95.72,1931
95.74,1803
95.76,1779
95.78,1833
95.8,1678
95.82,1698
95.84,1853
95.86,1732
95.88,1758
95.9,1726
95.92,1698
95.94,1767
95.96,1800
95.98,1796
96,1812
96.02,1841
96.04,1814
96.06,1877
96.08,1863
96.1,1968
96.12,1901
96.14,1943
96.16,1814
96.18,1817
96.2,1861
96.22,1865
96.24,1765
96.26,1791
96.28,1730
96.3,1747
96.32,1759
96.34,1816
96.36,1837
96.38,1850
96.4,1889
96.42,1965
96.44,1952
96.46,2042
96.48,1979
96.5,1937
96.52,1849
96.54,1790
96.56,1732
96.58,1799
96.6,1716
96.62,1699
96.64,1783
96.66,1762
96.68,1750
96.7,1762
96.72,1706
96.74,1805
96.76,1804
96.78,1753
96.8,1759
96.82,1832
96.84,1799
96.86,1679
96.88,1719
96.9,1767
96.92,1771
96.94,1700
96.96,1767
96.98,1719
97,1684
97.02,1633
97.04,1674
97.06,1635
97.08,1697
97.1,1655
97.12,1683
97.14,1704
97.16,1694
97.18,1639
97.2,1726
97.22,1726
97.24,1641
97.26,1748
97.28,1671
97.3,1653
97.32,1736
97.34,1774
97.36,1799
97.38,1644
97.4,1762
97.42,1783
97.44,1686
97.46,1769
97.48,1693
97.5,1710
97.52,1679
97.54,1679
97.56,1672
97.58,1688
97.6,1683
97.62,1663
97.64,1653
97.66,1736
97.68,1681
97.7,1645
97.72,1703
97.74,1767
97.76,1719
97.78,1686
97.8,1676
97.82,1633
97.84,1684
97.86,1690
97.88,1633
97.9,1707
97.92,1704
97.94,1642
97.96,1656
97.98,1686
98,1618
98.02,1745
98.04,1672
98.06,1715
98.08,1657
98.1,1680
98.12,1739
98.14,1705
98.16,1694
98.18,1694
98.2,1698
98.22,1654
98.24,1625
98.26,1697
98.28,1692
98.3,1630
98.32,1636
98.34,1667
98.36,1700
98.38,1680
98.4,1671
98.42,1640
98.44,1681
98.46,1733
98.48,1663
98.5,1663
98.52,1659
98.54,1706
98.56,1680
98.58,1801
98.6,1748
98.62,1806
98.64,1724
98.66,1667
98.68,1736
98.7,1682
98.72,1738
98.74,1713
98.76,1696
98.78,1767
98.8,1739
98.82,1731
98.84,1720
98.86,1766
98.88,1828
98.9,1739
98.92,1705
98.94,1807
98.96,1746
98.98,1719
99,1662
99.02,1706
99.04,1669
99.06,1753
99.08,1704
99.1,1724
99.12,1736
99.14,1725
99.16,1779
99.18,1780
99.2,1702
99.22,1741
99.24,1770
99.26,1771
99.28,1745
99.3,1786
99.32,1747
99.34,1809
99.36,1718
99.38,1788
99.4,1789
99.42,1822
99.44,1806
99.46,1773
99.48,1875
99.5,1872
99.52,2005
99.54,2022
99.56,2013
99.58,2101
99.6,1921
99.62,1899
99.64,1884
99.66,1939
99.68,1854
99.7,1858
99.72,1796
99.74,1814
99.76,1801
99.78,1732
99.8,1764
99.82,1800
99.84,1757
99.86,1730
99.88,1811
99.9,1787
99.92,1870
99.94,1790
99.96,1894
99.98,1813
100,1789
